id,fecha,valor
ingresos_spnf,2018-01-01,2930.0
ingresos_spnf,2018-02-01,2658.0
ingresos_spnf,2018-03-01,2966.0
ingresos_spnf,2018-04-01,3862.0
ingresos_spnf,2018-05-01,3249.0
ingresos_spnf,2018-06-01,2804.0
ingresos_spnf,2018-07-01,3461.0
ingresos_spnf,2018-08-01,3077.0
ingresos_spnf,2018-09-01,2970.0
ingresos_spnf,2018-10-01,3221.0
ingresos_spnf,2018-11-01,2859.0
ingresos_spnf,2018-12-01,3376.0
ingresos_spnf,2019-01-01,2671.0
ingresos_spnf,2019-02-01,2774.0
ingresos_spnf,2019-03-01,3050.0
ingresos_spnf,2019-04-01,3099.0
ingresos_spnf,2019-05-01,3086.0
ingresos_spnf,2019-06-01,2775.0
ingresos_spnf,2019-07-01,2987.0
ingresos_spnf,2019-08-01,2924.0
ingresos_spnf,2019-09-01,2826.0
ingresos_spnf,2019-10-01,2776.0
ingresos_spnf,2019-11-01,2650.0
ingresos_spnf,2019-12-01,3241.0
ingresos_spnf,2020-01-01,2208.0
ingresos_spnf,2020-02-01,2193.0
ingresos_spnf,2020-03-01,2228.0
ingresos_spnf,2020-04-01,2930.0
ingresos_spnf,2020-05-01,2295.0
ingresos_spnf,2020-06-01,2185.0
ingresos_spnf,2020-07-01,2447.0
ingresos_spnf,2020-08-01,2416.0
ingresos_spnf,2020-09-01,2212.0
ingresos_spnf,2020-10-01,2245.0
ingresos_spnf,2020-11-01,2140.0
ingresos_spnf,2020-12-01,2512.0
ingresos_spnf,2021-01-01,2848.0
ingresos_spnf,2021-02-01,2691.0
ingresos_spnf,2021-03-01,3097.0
ingresos_spnf,2021-04-01,3346.0
ingresos_spnf,2021-05-01,2887.0
ingresos_spnf,2021-06-01,2798.0
ingresos_spnf,2021-07-01,2972.0
ingresos_spnf,2021-08-01,2806.0
ingresos_spnf,2021-09-01,2745.0
ingresos_spnf,2021-10-01,3136.0
ingresos_spnf,2021-11-01,2480.0
ingresos_spnf,2021-12-01,3047.0
ingresos_spnf,2022-01-01,3095.0
ingresos_spnf,2022-02-01,3186.0
ingresos_spnf,2022-03-01,3612.0
ingresos_spnf,2022-04-01,3865.0
ingresos_spnf,2022-05-01,3527.0
ingresos_spnf,2022-06-01,3238.0
ingresos_spnf,2022-07-01,3466.0
ingresos_spnf,2022-08-01,3328.0
ingresos_spnf,2022-09-01,3242.0
ingresos_spnf,2022-10-01,3416.0
ingresos_spnf,2022-11-01,3423.0
ingresos_spnf,2022-12-01,4351.0
ingresos_spnf,2023-01-01,2818.0
ingresos_spnf,2023-02-01,3000.0
ingresos_spnf,2023-03-01,3249.0
ingresos_spnf,2023-04-01,3912.0
ingresos_spnf,2023-05-01,3416.0
ingresos_spnf,2023-06-01,3203.0
ingresos_spnf,2023-07-01,3377.0
ingresos_spnf,2023-08-01,3101.0
ingresos_spnf,2023-09-01,2834.0
ingresos_spnf,2023-10-01,3511.0
ingresos_spnf,2023-11-01,3267.0
ingresos_spnf,2023-12-01,3566.0
ingresos_spnf,2024-01-01,3490.0
ingresos_spnf,2024-02-01,3212.0
ingresos_spnf,2024-03-01,3050.0
ingresos_spnf,2024-04-01,4149.0
ingresos_spnf,2024-05-01,3294.0
ingresos_spnf,2024-06-01,3470.0
ingresos_spnf,2024-07-01,3345.0
ingresos_spnf,2024-08-01,3335.0
ingresos_spnf,2024-09-01,3041.0
ingresos_spnf,2024-10-01,3422.0
ingresos_spnf,2024-11-01,3446.0
ingresos_spnf,2024-12-01,3849.0
ingresos_spnf,2025-01-01,3106.0
ingresos_spnf,2025-02-01,3566.0
ingresos_spnf,2025-03-01,3911.0
ingresos_spnf,2025-04-01,4268.0
ingresos_spnf,2025-05-01,3499.0
ingresos_spnf,2025-06-01,3213.0
ingresos_spnf,2025-07-01,3308.0
ingresos_spnf,2025-08-01,3688.0
ingresos_spnf,2025-09-01,3626.0
ingresos_spnf,2025-10-01,3408.0
ingresos_spnf,2025-11-01,3412.0
ingresos_spnf,2025-12-01,4075.0
ingresos_spnf,2026-01-01,3550.0
ingresos_spnf,2026-02-01,3487.0
ingresos_spnf,2026-03-01,4165.0
ingresos_spnf,2026-04-01,4217.0
ingresos_spnf,2026-05-01,3938.0
ingresos_spnf,2026-06-01,3783.0
ingresos_spnf,2026-07-01,3732.0
ingresos_spnf,2026-08-01,3756.0
gastos_spnf,2018-01-01,2522.0
gastos_spnf,2018-02-01,2944.0
gastos_spnf,2018-03-01,3094.0
gastos_spnf,2018-04-01,3079.0
gastos_spnf,2018-05-01,3334.0
gastos_spnf,2018-06-01,3215.0
gastos_spnf,2018-07-01,3191.0
gastos_spnf,2018-08-01,3287.0
gastos_spnf,2018-09-01,3516.0
gastos_spnf,2018-10-01,3299.0
gastos_spnf,2018-11-01,3562.0
gastos_spnf,2018-12-01,4392.0
gastos_spnf,2019-01-01,2355.0
gastos_spnf,2019-02-01,2895.0
gastos_spnf,2019-03-01,2978.0
gastos_spnf,2019-04-01,2845.0
gastos_spnf,2019-05-01,3170.0
gastos_spnf,2019-06-01,3258.0
gastos_spnf,2019-07-01,2971.0
gastos_spnf,2019-08-01,3075.0
gastos_spnf,2019-09-01,3215.0
gastos_spnf,2019-10-01,3070.0
gastos_spnf,2019-11-01,3445.0
gastos_spnf,2019-12-01,4622.0
gastos_spnf,2020-01-01,2394.0
gastos_spnf,2020-02-01,2459.0
gastos_spnf,2020-03-01,2790.0
gastos_spnf,2020-04-01,2726.0
gastos_spnf,2020-05-01,2927.0
gastos_spnf,2020-06-01,2978.0
gastos_spnf,2020-07-01,2908.0
gastos_spnf,2020-08-01,3052.0
gastos_spnf,2020-09-01,3236.0
gastos_spnf,2020-10-01,2880.0
gastos_spnf,2020-11-01,3130.0
gastos_spnf,2020-12-01,4249.0
gastos_spnf,2021-01-01,2453.0
gastos_spnf,2021-02-01,2520.0
gastos_spnf,2021-03-01,2789.0
gastos_spnf,2021-04-01,2952.0
gastos_spnf,2021-05-01,3064.0
gastos_spnf,2021-06-01,3050.0
gastos_spnf,2021-07-01,2899.0
gastos_spnf,2021-08-01,3065.0
gastos_spnf,2021-09-01,3083.0
gastos_spnf,2021-10-01,2970.0
gastos_spnf,2021-11-01,3220.0
gastos_spnf,2021-12-01,4540.0
gastos_spnf,2022-01-01,2535.0
gastos_spnf,2022-02-01,2972.0
gastos_spnf,2022-03-01,3099.0
gastos_spnf,2022-04-01,3075.0
gastos_spnf,2022-05-01,3386.0
gastos_spnf,2022-06-01,3489.0
gastos_spnf,2022-07-01,3424.0
gastos_spnf,2022-08-01,3263.0
gastos_spnf,2022-09-01,3227.0
gastos_spnf,2022-10-01,3343.0
gastos_spnf,2022-11-01,3589.0
gastos_spnf,2022-12-01,4630.0
gastos_spnf,2023-01-01,2725.0
gastos_spnf,2023-02-01,3283.0
gastos_spnf,2023-03-01,3324.0
gastos_spnf,2023-04-01,3415.0
gastos_spnf,2023-05-01,3540.0
gastos_spnf,2023-06-01,3535.0
gastos_spnf,2023-07-01,3622.0
gastos_spnf,2023-08-01,3575.0
gastos_spnf,2023-09-01,3703.0
gastos_spnf,2023-10-01,3451.0
gastos_spnf,2023-11-01,3579.0
gastos_spnf,2023-12-01,5445.0
gastos_spnf,2024-01-01,2892.0
gastos_spnf,2024-02-01,3173.0
gastos_spnf,2024-03-01,3601.0
gastos_spnf,2024-04-01,3518.0
gastos_spnf,2024-05-01,3630.0
gastos_spnf,2024-06-01,3407.0
gastos_spnf,2024-07-01,3400.0
gastos_spnf,2024-08-01,3762.0
gastos_spnf,2024-09-01,3720.0
gastos_spnf,2024-10-01,3705.0
gastos_spnf,2024-11-01,3562.0
gastos_spnf,2024-12-01,4656.0
gastos_spnf,2025-01-01,2884.0
gastos_spnf,2025-02-01,3048.0
gastos_spnf,2025-03-01,3592.0
gastos_spnf,2025-04-01,3429.0
gastos_spnf,2025-05-01,3989.0
gastos_spnf,2025-06-01,3668.0
gastos_spnf,2025-07-01,3677.0
gastos_spnf,2025-08-01,3884.0
gastos_spnf,2025-09-01,3806.0
gastos_spnf,2025-10-01,3627.0
gastos_spnf,2025-11-01,4072.0
gastos_spnf,2025-12-01,5654.0
gastos_spnf,2026-01-01,2984.0
gastos_spnf,2026-02-01,3297.0
gastos_spnf,2026-03-01,3565.0
gastos_spnf,2026-04-01,3441.0
gastos_spnf,2026-05-01,4012.0
gastos_spnf,2026-06-01,4023.0
gastos_spnf,2026-07-01,4065.0
gastos_spnf,2026-08-01,3982.0
resultado_global_pib,2018-01-01,-1.6
resultado_primario_pib,2018-01-01,0.7
resultado_global_pib,2019-01-01,-3.0
resultado_primario_pib,2019-01-01,-0.5
resultado_global_pib,2020-01-01,-6.9
resultado_primario_pib,2020-01-01,-4.6
resultado_global_pib,2021-01-01,-1.7
resultado_primario_pib,2021-01-01,0.1
resultado_global_pib,2022-01-01,0.0
resultado_primario_pib,2022-01-01,2.1
resultado_global_pib,2023-01-01,-3.6
resultado_primario_pib,2023-01-01,-0.9
resultado_global_pib,2024-01-01,-1.6
resultado_primario_pib,2024-01-01,1.3
resultado_global_pib,2025-01-01,-1.5
resultado_primario_pib,2025-01-01,1.4
recaudacion,2018-01-01,1228.0
recaudacion,2018-02-01,1077.0
recaudacion,2018-03-01,1236.0
recaudacion,2018-04-01,1574.0
recaudacion,2018-05-01,1154.0
recaudacion,2018-06-01,1176.0
recaudacion,2018-07-01,1192.0
recaudacion,2018-08-01,1297.0
recaudacion,2018-09-01,1163.0
recaudacion,2018-10-01,1175.0
recaudacion,2018-11-01,1247.0
recaudacion,2018-12-01,1464.0
recaudacion,2019-01-01,1263.0
recaudacion,2019-02-01,973.0
recaudacion,2019-03-01,1284.0
recaudacion,2019-04-01,1482.0
recaudacion,2019-05-01,1138.0
recaudacion,2019-06-01,1001.0
recaudacion,2019-07-01,1086.0
recaudacion,2019-08-01,1066.0
recaudacion,2019-09-01,1127.0
recaudacion,2019-10-01,1257.0
recaudacion,2019-11-01,1124.0
recaudacion,2019-12-01,1252.0
recaudacion,2020-01-01,1109.0
recaudacion,2020-02-01,913.0
recaudacion,2020-03-01,996.0
recaudacion,2020-04-01,1314.0
recaudacion,2020-05-01,1002.0
recaudacion,2020-06-01,979.0
recaudacion,2020-07-01,1009.0
recaudacion,2020-08-01,1024.0
recaudacion,2020-09-01,907.0
recaudacion,2020-10-01,956.0
recaudacion,2020-11-01,1018.0
recaudacion,2020-12-01,1123.0
recaudacion,2021-01-01,1221.0
recaudacion,2021-02-01,978.0
recaudacion,2021-03-01,1190.0
recaudacion,2021-04-01,1473.0
recaudacion,2021-05-01,1172.0
recaudacion,2021-06-01,1053.0
recaudacion,2021-07-01,1133.0
recaudacion,2021-08-01,1137.0
recaudacion,2021-09-01,1094.0
recaudacion,2021-10-01,1186.0
recaudacion,2021-11-01,1034.0
recaudacion,2021-12-01,1253.0
recaudacion,2022-01-01,1552.0
recaudacion,2022-02-01,1193.0
recaudacion,2022-03-01,1408.0
recaudacion,2022-04-01,1824.0
recaudacion,2022-05-01,1276.0
recaudacion,2022-06-01,1207.0
recaudacion,2022-07-01,1276.0
recaudacion,2022-08-01,1369.0
recaudacion,2022-09-01,1258.0
recaudacion,2022-10-01,1474.0
recaudacion,2022-11-01,1335.0
recaudacion,2022-12-01,1628.0
recaudacion,2023-01-01,1554.0
recaudacion,2023-02-01,1178.0
recaudacion,2023-03-01,1553.0
recaudacion,2023-04-01,1915.0
recaudacion,2023-05-01,1446.0
recaudacion,2023-06-01,1319.0
recaudacion,2023-07-01,1363.0
recaudacion,2023-08-01,1390.0
recaudacion,2023-09-01,1251.0
recaudacion,2023-10-01,1386.0
recaudacion,2023-11-01,1333.0
recaudacion,2023-12-01,1566.0
recaudacion,2024-01-01,1596.0
recaudacion,2024-02-01,1359.0
recaudacion,2024-03-01,1624.0
recaudacion,2024-04-01,2253.0
recaudacion,2024-05-01,1635.0
recaudacion,2024-06-01,1442.0
recaudacion,2024-07-01,1578.0
recaudacion,2024-08-01,1512.0
recaudacion,2024-09-01,1467.0
recaudacion,2024-10-01,1603.0
recaudacion,2024-11-01,1492.0
recaudacion,2024-12-01,1771.0
recaudacion,2025-01-01,1704.0
recaudacion,2025-02-01,1490.0
recaudacion,2025-03-01,1703.0
recaudacion,2025-04-01,2144.0
recaudacion,2025-05-01,1613.0
recaudacion,2025-06-01,1584.0
recaudacion,2025-07-01,1593.0
recaudacion,2025-08-01,1667.0
recaudacion,2025-09-01,1585.0
recaudacion,2025-10-01,1828.0
recaudacion,2025-11-01,1567.0
recaudacion,2025-12-01,1887.0
recaudacion,2026-01-01,1935.0
recaudacion,2026-02-01,1626.0
recaudacion,2026-03-01,1825.0
recaudacion,2026-04-01,2418.0
recaudacion,2026-05-01,1617.0
recaudacion,2026-06-01,1589.0
recaudacion,2026-07-01,1829.0
recaudacion,2026-08-01,1697.0
deuda_externa,2018-01-01,33819.0
deuda_externa,2018-02-01,33852.0
deuda_externa,2018-03-01,33966.0
deuda_externa,2018-04-01,33919.0
deuda_externa,2018-05-01,34245.0
deuda_externa,2018-06-01,34498.0
deuda_externa,2018-07-01,34993.0
deuda_externa,2018-08-01,35162.0
deuda_externa,2018-09-01,35276.0
deuda_externa,2018-10-01,35230.0
deuda_externa,2018-11-01,35436.0
deuda_externa,2018-12-01,35787.0
deuda_externa,2019-01-01,36371.0
deuda_externa,2019-02-01,37010.0
deuda_externa,2019-03-01,37518.0
deuda_externa,2019-04-01,37926.0
deuda_externa,2019-05-01,38432.0
deuda_externa,2019-06-01,38883.0
deuda_externa,2019-07-01,39105.0
deuda_externa,2019-08-01,39843.0
deuda_externa,2019-09-01,40335.0
deuda_externa,2019-10-01,40600.0
deuda_externa,2019-11-01,41136.0
deuda_externa,2019-12-01,41633.0
deuda_externa,2020-01-01,42067.0
deuda_externa,2020-02-01,42544.0
deuda_externa,2020-03-01,42303.0
deuda_externa,2020-04-01,42722.0
deuda_externa,2020-05-01,43254.0
deuda_externa,2020-06-01,43384.0
deuda_externa,2020-07-01,43405.0
deuda_externa,2020-08-01,43809.0
deuda_externa,2020-09-01,44204.0
deuda_externa,2020-10-01,44574.0
deuda_externa,2020-11-01,44725.0
deuda_externa,2020-12-01,44993.0
deuda_externa,2021-01-01,45174.0
deuda_externa,2021-02-01,45422.0
deuda_externa,2021-03-01,45847.0
deuda_externa,2021-04-01,45936.0
deuda_externa,2021-05-01,45892.0
deuda_externa,2021-06-01,45621.0
deuda_externa,2021-07-01,45933.0
deuda_externa,2021-08-01,46028.0
deuda_externa,2021-09-01,46130.0
deuda_externa,2021-10-01,46099.0
deuda_externa,2021-11-01,46355.0
deuda_externa,2021-12-01,46203.0
deuda_externa,2022-01-01,46321.0
deuda_externa,2022-02-01,46426.0
deuda_externa,2022-03-01,46541.0
deuda_externa,2022-04-01,46794.0
deuda_externa,2022-05-01,46794.0
deuda_externa,2022-06-01,46833.0
deuda_externa,2022-07-01,46985.0
deuda_externa,2022-08-01,46758.0
deuda_externa,2022-09-01,46772.0
deuda_externa,2022-10-01,46844.0
deuda_externa,2022-11-01,47043.0
deuda_externa,2022-12-01,46948.0
deuda_externa,2023-01-01,47112.0
deuda_externa,2023-02-01,47188.0
deuda_externa,2023-03-01,46973.0
deuda_externa,2023-04-01,46812.0
deuda_externa,2023-05-01,46696.0
deuda_externa,2023-06-01,46844.0
deuda_externa,2023-07-01,46979.0
deuda_externa,2023-08-01,47171.0
deuda_externa,2023-09-01,47347.0
deuda_externa,2023-10-01,47288.0
deuda_externa,2023-11-01,47490.0
deuda_externa,2023-12-01,47621.0
deuda_externa,2024-01-01,47757.0
deuda_externa,2024-02-01,47889.0
deuda_externa,2024-03-01,47747.0
deuda_externa,2024-04-01,47906.0
deuda_externa,2024-05-01,47844.0
deuda_externa,2024-06-01,47796.0
deuda_externa,2024-07-01,47901.0
deuda_externa,2024-08-01,48083.0
deuda_externa,2024-09-01,48222.0
deuda_externa,2024-10-01,48310.0
deuda_externa,2024-11-01,48306.0
deuda_externa,2024-12-01,48498.0
deuda_externa,2025-01-01,48547.0
deuda_externa,2025-02-01,48510.0
deuda_externa,2025-03-01,48717.0
deuda_externa,2025-04-01,49118.0
deuda_externa,2025-05-01,49182.0
deuda_externa,2025-06-01,49162.0
deuda_externa,2025-07-01,49531.0
deuda_externa,2025-08-01,49902.0
deuda_externa,2025-09-01,49923.0
deuda_externa,2025-10-01,49972.0
deuda_externa,2025-11-01,50101.0
deuda_externa,2025-12-01,50633.0
deuda_externa,2026-01-01,50661.0
deuda_externa,2026-02-01,50835.0
deuda_externa,2026-03-01,50904.0
deuda_externa,2026-04-01,50653.0
deuda_externa,2026-05-01,50579.0
deuda_externa,2026-06-01,50526.0
deuda_externa,2026-07-01,50751.0
deuda_externa,2026-08-01,50909.0
deuda_interna,2018-01-01,13414.0
deuda_interna,2018-02-01,13385.0
deuda_interna,2018-03-01,13436.0
deuda_interna,2018-04-01,13462.0
deuda_interna,2018-05-01,13498.0
deuda_interna,2018-06-01,13798.0
deuda_interna,2018-07-01,13802.0
deuda_interna,2018-08-01,13958.0
deuda_interna,2018-09-01,14072.0
deuda_interna,2018-10-01,13942.0
deuda_interna,2018-11-01,14004.0
deuda_interna,2018-12-01,13934.0
deuda_interna,2019-01-01,14121.0
deuda_interna,2019-02-01,14321.0
deuda_interna,2019-03-01,14487.0
deuda_interna,2019-04-01,14622.0
deuda_interna,2019-05-01,15010.0
deuda_interna,2019-06-01,15152.0
deuda_interna,2019-07-01,15419.0
deuda_interna,2019-08-01,15799.0
deuda_interna,2019-09-01,16021.0
deuda_interna,2019-10-01,16283.0
deuda_interna,2019-11-01,16587.0
deuda_interna,2019-12-01,16831.0
deuda_interna,2020-01-01,17099.0
deuda_interna,2020-02-01,16972.0
deuda_interna,2020-03-01,17298.0
deuda_interna,2020-04-01,17371.0
deuda_interna,2020-05-01,17245.0
deuda_interna,2020-06-01,17315.0
deuda_interna,2020-07-01,17309.0
deuda_interna,2020-08-01,17507.0
deuda_interna,2020-09-01,17523.0
deuda_interna,2020-10-01,17623.0
deuda_interna,2020-11-01,17896.0
deuda_interna,2020-12-01,18127.0
deuda_interna,2021-01-01,17922.0
deuda_interna,2021-02-01,17796.0
deuda_interna,2021-03-01,17697.0
deuda_interna,2021-04-01,17598.0
deuda_interna,2021-05-01,17485.0
deuda_interna,2021-06-01,17337.0
deuda_interna,2021-07-01,17325.0
deuda_interna,2021-08-01,16986.0
deuda_interna,2021-09-01,16819.0
deuda_interna,2021-10-01,16736.0
deuda_interna,2021-11-01,16573.0
deuda_interna,2021-12-01,16401.0
deuda_interna,2022-01-01,16286.0
deuda_interna,2022-02-01,16252.0
deuda_interna,2022-03-01,16338.0
deuda_interna,2022-04-01,16207.0
deuda_interna,2022-05-01,16075.0
deuda_interna,2022-06-01,16022.0
deuda_interna,2022-07-01,15890.0
deuda_interna,2022-08-01,15559.0
deuda_interna,2022-09-01,15538.0
deuda_interna,2022-10-01,15426.0
deuda_interna,2022-11-01,15290.0
deuda_interna,2022-12-01,15309.0
deuda_interna,2023-01-01,15366.0
deuda_interna,2023-02-01,15346.0
deuda_interna,2023-03-01,15140.0
deuda_interna,2023-04-01,15040.0
deuda_interna,2023-05-01,15173.0
deuda_interna,2023-06-01,15271.0
deuda_interna,2023-07-01,15422.0
deuda_interna,2023-08-01,15525.0
deuda_interna,2023-09-01,15530.0
deuda_interna,2023-10-01,15445.0
deuda_interna,2023-11-01,15405.0
deuda_interna,2023-12-01,15494.0
deuda_interna,2024-01-01,15688.0
deuda_interna,2024-02-01,16127.0
deuda_interna,2024-03-01,16264.0
deuda_interna,2024-04-01,16387.0
deuda_interna,2024-05-01,16722.0
deuda_interna,2024-06-01,16861.0
deuda_interna,2024-07-01,17427.0
deuda_interna,2024-08-01,17626.0
deuda_interna,2024-09-01,17952.0
deuda_interna,2024-10-01,18236.0
deuda_interna,2024-11-01,18454.0
deuda_interna,2024-12-01,18561.0
deuda_interna,2025-01-01,18596.0
deuda_interna,2025-02-01,18984.0
deuda_interna,2025-03-01,19331.0
deuda_interna,2025-04-01,19793.0
deuda_interna,2025-05-01,19756.0
deuda_interna,2025-06-01,20007.0
deuda_interna,2025-07-01,20168.0
deuda_interna,2025-08-01,20438.0
deuda_interna,2025-09-01,20525.0
deuda_interna,2025-10-01,20771.0
deuda_interna,2025-11-01,21027.0
deuda_interna,2025-12-01,21226.0
deuda_interna,2026-01-01,21495.0
deuda_interna,2026-02-01,21543.0
deuda_interna,2026-03-01,21803.0
deuda_interna,2026-04-01,21780.0
deuda_interna,2026-05-01,22069.0
deuda_interna,2026-06-01,21803.0
deuda_interna,2026-07-01,21945.0
deuda_interna,2026-08-01,21992.0
deuda_pib,2018-01-01,44.0
deuda_pib,2018-02-01,44.4
deuda_pib,2018-03-01,44.7
deuda_pib,2018-04-01,44.8
deuda_pib,2018-05-01,45.3
deuda_pib,2018-06-01,45.1
deuda_pib,2018-07-01,45.1
deuda_pib,2018-08-01,45.6
deuda_pib,2018-09-01,45.8
deuda_pib,2018-10-01,45.5
deuda_pib,2018-11-01,45.8
deuda_pib,2018-12-01,45.8
deuda_pib,2019-01-01,46.8
deuda_pib,2019-02-01,47.6
deuda_pib,2019-03-01,48.0
deuda_pib,2019-04-01,48.9
deuda_pib,2019-05-01,49.2
deuda_pib,2019-06-01,50.0
deuda_pib,2019-07-01,50.7
deuda_pib,2019-08-01,51.2
deuda_pib,2019-09-01,51.5
deuda_pib,2019-10-01,52.1
deuda_pib,2019-11-01,52.2
deuda_pib,2019-12-01,52.8
deuda_pib,2020-01-01,53.5
deuda_pib,2020-02-01,54.8
deuda_pib,2020-03-01,55.5
deuda_pib,2020-04-01,56.0
deuda_pib,2020-05-01,57.2
deuda_pib,2020-06-01,58.2
deuda_pib,2020-07-01,59.1
deuda_pib,2020-08-01,60.5
deuda_pib,2020-09-01,61.5
deuda_pib,2020-10-01,62.3
deuda_pib,2020-11-01,63.1
deuda_pib,2020-12-01,63.3
deuda_pib,2021-01-01,63.3
deuda_pib,2021-02-01,63.3
deuda_pib,2021-03-01,63.0
deuda_pib,2021-04-01,62.5
deuda_pib,2021-05-01,62.4
deuda_pib,2021-06-01,61.9
deuda_pib,2021-07-01,61.8
deuda_pib,2021-08-01,61.8
deuda_pib,2021-09-01,61.9
deuda_pib,2021-10-01,61.7
deuda_pib,2021-11-01,61.5
deuda_pib,2021-12-01,61.4
deuda_pib,2022-01-01,61.2
deuda_pib,2022-02-01,60.7
deuda_pib,2022-03-01,60.1
deuda_pib,2022-04-01,59.6
deuda_pib,2022-05-01,59.0
deuda_pib,2022-06-01,58.6
deuda_pib,2022-07-01,58.3
deuda_pib,2022-08-01,58.1
deuda_pib,2022-09-01,57.9
deuda_pib,2022-10-01,57.6
deuda_pib,2022-11-01,57.2
deuda_pib,2022-12-01,56.9
deuda_pib,2023-01-01,56.7
deuda_pib,2023-02-01,56.4
deuda_pib,2023-03-01,56.3
deuda_pib,2023-04-01,55.8
deuda_pib,2023-05-01,55.2
deuda_pib,2023-06-01,55.1
deuda_pib,2023-07-01,54.7
deuda_pib,2023-08-01,54.3
deuda_pib,2023-09-01,53.7
deuda_pib,2023-10-01,53.4
deuda_pib,2023-11-01,52.9
deuda_pib,2023-12-01,52.2
deuda_pib,2024-01-01,52.4
deuda_pib,2024-02-01,52.5
deuda_pib,2024-03-01,52.8
deuda_pib,2024-04-01,52.9
deuda_pib,2024-05-01,53.1
deuda_pib,2024-06-01,53.2
deuda_pib,2024-07-01,53.5
deuda_pib,2024-08-01,53.5
deuda_pib,2024-09-01,53.9
deuda_pib,2024-10-01,53.8
deuda_pib,2024-11-01,53.9
deuda_pib,2024-12-01,54.0
deuda_pib,2025-01-01,54.2
deuda_pib,2025-02-01,54.2
deuda_pib,2025-03-01,54.4
deuda_pib,2025-04-01,54.3
deuda_pib,2025-05-01,54.2
deuda_pib,2025-06-01,54.0
deuda_pib,2025-07-01,54.1
deuda_pib,2025-08-01,54.0
deuda_pib,2025-09-01,54.2
deuda_pib,2025-10-01,54.3
deuda_pib,2025-11-01,54.6
deuda_pib,2025-12-01,54.5
deuda_pib,2026-01-01,54.3
deuda_pib,2026-02-01,54.0
deuda_pib,2026-03-01,53.9
deuda_pib,2026-04-01,53.9
deuda_pib,2026-05-01,54.2
deuda_pib,2026-06-01,54.1
deuda_pib,2026-07-01,54.3
deuda_pib,2026-08-01,54.4
