fecha,cuode,fob,cif
2018-01-01,01,191.762,199.389
2018-01-01,02,157.472,166.164
2018-01-01,03,337.501,352.908
2018-01-01,04,127.57,137.598
2018-01-01,05,474.609,501.78
2018-01-01,06,46.099,50.016
2018-01-01,07,18.447,19.252
2018-01-01,08,322.898,334.405
2018-01-01,09,113.694,119.36
2018-01-01,10,2.701,2.989
2018-01-01,99,13.876,14.738
2018-02-01,01,182.158,188.818
2018-02-01,02,164.497,173.213
2018-02-01,03,264.905,277.729
2018-02-01,04,99.792,106.82
2018-02-01,05,409.36,434.368
2018-02-01,06,33.95,36.568
2018-02-01,07,8.898,9.33
2018-02-01,08,240.168,249.781
2018-02-01,09,110.185,115.449
2018-02-01,10,2.868,3.065
2018-02-01,99,12.048,12.843
2018-03-01,01,220.365,228.946
2018-03-01,02,201.222,211.918
2018-03-01,03,251.216,261.348
2018-03-01,04,103.906,111.773
2018-03-01,05,418.381,440.774
2018-03-01,06,39.915,43.175
2018-03-01,07,12.489,13.074
2018-03-01,08,278.67,289.553
2018-03-01,09,129.244,135.748
2018-03-01,10,3.354,3.615
2018-03-01,99,13.284,14.194
2018-04-01,01,197.489,204.906
2018-04-01,02,179.167,188.58
2018-04-01,03,371.287,383.198
2018-04-01,04,107.768,115.084
2018-04-01,05,461.189,489.055
2018-04-01,06,43.805,47.503
2018-04-01,07,13.418,13.969
2018-04-01,08,292.331,303.54
2018-04-01,09,113.187,119.388
2018-04-01,10,14.281,14.618
2018-04-01,99,13.291,14.205
2018-05-01,01,234.713,242.959
2018-05-01,02,196.119,205.821
2018-05-01,03,452.673,469.235
2018-05-01,04,118.249,125.152
2018-05-01,05,479.563,503.639
2018-05-01,06,48.873,51.777
2018-05-01,07,15.807,16.422
2018-05-01,08,293.526,304.277
2018-05-01,09,135.897,141.83
2018-05-01,10,2.721,2.979
2018-05-01,99,13.996,14.959
2018-06-01,01,188.427,194.76
2018-06-01,02,164.57,172.779
2018-06-01,03,362.629,376.579
2018-06-01,04,97.458,103.415
2018-06-01,05,430.209,453.644
2018-06-01,06,36.822,39.124
2018-06-01,07,9.488,9.889
2018-06-01,08,303.28,311.599
2018-06-01,09,101.734,106.372
2018-06-01,10,4.885,5.18
2018-06-01,99,13.09,13.996
2018-07-01,01,211.377,220.074
2018-07-01,02,190.472,199.432
2018-07-01,03,367.064,381.681
2018-07-01,04,160.899,171.152
2018-07-01,05,504.847,530.165
2018-07-01,06,51.611,55.569
2018-07-01,07,15.769,16.433
2018-07-01,08,304.461,314.893
2018-07-01,09,126.835,132.39
2018-07-01,10,4.503,4.824
2018-07-01,99,13.313,14.262
2018-08-01,01,247.436,257.024
2018-08-01,02,204.985,216.133
2018-08-01,03,323.307,334.019
2018-08-01,04,106.021,113.406
2018-08-01,05,526.384,555.832
2018-08-01,06,54.829,58.468
2018-08-01,07,14.209,14.895
2018-08-01,08,321.592,333.193
2018-08-01,09,147.338,154.593
2018-08-01,10,5.958,6.392
2018-08-01,99,13.751,14.696
2018-09-01,01,218.654,227.629
2018-09-01,02,183.462,193.706
2018-09-01,03,400.457,413.383
2018-09-01,04,97.892,104.613
2018-09-01,05,444.141,468.553
2018-09-01,06,44.242,47.896
2018-09-01,07,14.026,14.775
2018-09-01,08,281.216,291.706
2018-09-01,09,132.014,138.59
2018-09-01,10,6.828,7.329
2018-09-01,99,12.136,13.007
2018-10-01,01,256.159,266.358
2018-10-01,02,235.748,248.786
2018-10-01,03,513.021,527.219
2018-10-01,04,124.099,132.262
2018-10-01,05,539.695,572.835
2018-10-01,06,55.544,59.741
2018-10-01,07,12.374,13.052
2018-10-01,08,321.323,333.395
2018-10-01,09,144.082,151.12
2018-10-01,10,7.426,8.044
2018-10-01,99,13.583,14.57
2018-11-01,01,261.428,271.725
2018-11-01,02,201.234,212.682
2018-11-01,03,362.125,378.621
2018-11-01,04,133.012,142.184
2018-11-01,05,450.869,477.561
2018-11-01,06,44.451,48.712
2018-11-01,07,10.282,10.868
2018-11-01,08,298.986,310.925
2018-11-01,09,129.085,135.796
2018-11-01,10,7.408,7.907
2018-11-01,99,13.28,14.228
2018-12-01,01,205.544,213.751
2018-12-01,02,157.999,172.281
2018-12-01,03,321.151,339.209
2018-12-01,04,124.519,134.019
2018-12-01,05,403.95,429.666
2018-12-01,06,50.112,53.644
2018-12-01,07,9.751,10.238
2018-12-01,08,289.135,301.992
2018-12-01,09,112.99,118.533
2018-12-01,10,7.1,7.663
2018-12-01,99,16.593,17.697
2019-01-01,01,207.288,215.035
2019-01-01,02,173.633,183.102
2019-01-01,03,312.404,330.717
2019-01-01,04,121.036,129.725
2019-01-01,05,489.667,519.459
2019-01-01,06,60.614,65.684
2019-01-01,07,10.817,11.454
2019-01-01,08,343.484,356.647
2019-01-01,09,155.276,162.239
2019-01-01,10,8.653,9.324
2019-01-01,99,13.62,14.574
2019-02-01,01,188.866,195.982
2019-02-01,02,146.818,154.907
2019-02-01,03,307.102,322.904
2019-02-01,04,106.339,114.079
2019-02-01,05,412.945,437.391
2019-02-01,06,45.25,48.891
2019-02-01,07,7.697,8.113
2019-02-01,08,289.758,300.062
2019-02-01,09,118.536,124.465
2019-02-01,10,6.221,6.716
2019-02-01,99,11.995,12.815
2019-03-01,01,221.414,229.889
2019-03-01,02,157.029,164.588
2019-03-01,03,354.117,369.376
2019-03-01,04,110.152,118.16
2019-03-01,05,429.486,456.198
2019-03-01,06,58.587,63.322
2019-03-01,07,9.823,10.244
2019-03-01,08,289.918,300.781
2019-03-01,09,98.337,103.538
2019-03-01,10,6.467,6.906
2019-03-01,99,11.588,12.423
2019-04-01,01,263.86,272.854
2019-04-01,02,150.408,157.743
2019-04-01,03,443.021,464.18
2019-04-01,04,97.21,103.089
2019-04-01,05,426.41,451.701
2019-04-01,06,50.502,54.99
2019-04-01,07,8.814,9.372
2019-04-01,08,308.915,320.697
2019-04-01,09,133.04,139.341
2019-04-01,10,8.065,8.558
2019-04-01,99,12.868,13.809
2019-05-01,01,231.66,240.761
2019-05-01,02,175.209,184.215
2019-05-01,03,381.894,399.68
2019-05-01,04,123.038,131.895
2019-05-01,05,423.891,446.788
2019-05-01,06,59.116,64.095
2019-05-01,07,12.518,13.163
2019-05-01,08,330.015,342.266
2019-05-01,09,234.508,241.468
2019-05-01,10,6.845,7.36
2019-05-01,99,13.316,14.28
2019-06-01,01,206.453,214.115
2019-06-01,02,192.714,202.519
2019-06-01,03,335.404,352.308
2019-06-01,04,107.729,115.017
2019-06-01,05,390.117,412.659
2019-06-01,06,34.037,36.853
2019-06-01,07,8.923,9.38
2019-06-01,08,260.727,270.686
2019-06-01,09,152.568,158.828
2019-06-01,10,8.376,9.006
2019-06-01,99,12.722,13.642
2019-07-01,01,243.166,252.611
2019-07-01,02,178.603,188.373
2019-07-01,03,359.482,376.779
2019-07-01,04,114.584,123.147
2019-07-01,05,431.364,456.015
2019-07-01,06,48.872,52.183
2019-07-01,07,10.241,10.704
2019-07-01,08,312.248,323.545
2019-07-01,09,153.793,159.696
2019-07-01,10,8.925,9.555
2019-07-01,99,13.855,14.867
2019-08-01,01,217.265,226.374
2019-08-01,02,162.23,171.461
2019-08-01,03,369.689,391.292
2019-08-01,04,114.289,122.326
2019-08-01,05,441.213,467.203
2019-08-01,06,45.253,48.211
2019-08-01,07,10.005,10.546
2019-08-01,08,287.621,298.251
2019-08-01,09,149.512,156.093
2019-08-01,10,8.831,9.45
2019-08-01,99,13.102,14.026
2019-09-01,01,240.413,249.227
2019-09-01,02,171.505,180.87
2019-09-01,03,331.881,346.321
2019-09-01,04,98.371,104.332
2019-09-01,05,400.15,425.574
2019-09-01,06,41.842,45.003
2019-09-01,07,8.464,8.884
2019-09-01,08,267.484,277.15
2019-09-01,09,123.226,129.248
2019-09-01,10,9.374,10.132
2019-09-01,99,13.304,14.244
2019-10-01,01,264.819,274.611
2019-10-01,02,177.17,186.454
2019-10-01,03,349.28,365.776
2019-10-01,04,132.687,144.074
2019-10-01,05,460.368,488.584
2019-10-01,06,40.439,43.649
2019-10-01,07,7.785,8.195
2019-10-01,08,327.262,337.983
2019-10-01,09,131.069,137.312
2019-10-01,10,10.158,10.873
2019-10-01,99,12.783,13.673
2019-11-01,01,248.47,257.423
2019-11-01,02,161.319,170.367
2019-11-01,03,338.784,356.193
2019-11-01,04,104.902,112.991
2019-11-01,05,388.875,412.373
2019-11-01,06,35.958,38.583
2019-11-01,07,7.502,7.854
2019-11-01,08,259.189,268.458
2019-11-01,09,102.598,107.932
2019-11-01,10,9.331,9.934
2019-11-01,99,12.898,13.806
2019-12-01,01,211.615,219.956
2019-12-01,02,159.03,168.433
2019-12-01,03,263.66,279.554
2019-12-01,04,120.791,131.371
2019-12-01,05,337.396,357.154
2019-12-01,06,38.127,40.943
2019-12-01,07,8.41,8.88
2019-12-01,08,290.687,301.585
2019-12-01,09,142.178,148.133
2019-12-01,10,8.738,9.324
2019-12-01,99,17.855,19.032
2020-01-01,01,201.999,210.369
2020-01-01,02,159.463,169.385
2020-01-01,03,344.956,364.847
2020-01-01,04,118.089,128.263
2020-01-01,05,428.41,456.958
2020-01-01,06,54.292,59.268
2020-01-01,07,8.316,8.794
2020-01-01,08,320.37,331.7
2020-01-01,09,126.468,132.892
2020-01-01,10,7.985,8.753
2020-01-01,99,14.339,15.337
2020-02-01,01,192.94,200.554
2020-02-01,02,144.566,152.669
2020-02-01,03,307.329,326.042
2020-02-01,04,98.144,105.508
2020-02-01,05,342.847,364.722
2020-02-01,06,42.774,46.042
2020-02-01,07,6.72,7.171
2020-02-01,08,229.799,238.047
2020-02-01,09,93.079,98.128
2020-02-01,10,10.346,11.104
2020-02-01,99,11.717,12.37
2020-03-01,01,209.333,217.691
2020-03-01,02,104.817,110.563
2020-03-01,03,249.404,266.817
2020-03-01,04,110.856,119.957
2020-03-01,05,375.55,402.052
2020-03-01,06,41.671,44.661
2020-03-01,07,7.927,8.303
2020-03-01,08,240.023,248.012
2020-03-01,09,80.876,85.064
2020-03-01,10,8.386,9.022
2020-03-01,99,9.644,10.218
2020-04-01,01,177.586,185.491
2020-04-01,02,38.561,40.586
2020-04-01,03,165.419,178.575
2020-04-01,04,110.769,118.322
2020-04-01,05,342.981,365.114
2020-04-01,06,23.066,24.828
2020-04-01,07,6.13,6.493
2020-04-01,08,177.285,183.586
2020-04-01,09,38.057,39.799
2020-04-01,10,3.062,3.288
2020-04-01,99,4.136,4.377
2020-05-01,01,218.62,237.207
2020-05-01,02,48.539,51.809
2020-05-01,03,83.162,88.652
2020-05-01,04,127.89,137.698
2020-05-01,05,375.493,399.835
2020-05-01,06,26.854,28.573
2020-05-01,07,7.302,7.717
2020-05-01,08,218.666,227.46
2020-05-01,09,51.603,54.201
2020-05-01,10,9.588,9.938
2020-05-01,99,7.337,7.783
2020-06-01,01,225.556,241.231
2020-06-01,02,65.62,69.47
2020-06-01,03,111.801,118.907
2020-06-01,04,100.841,109.021
2020-06-01,05,383.202,407.766
2020-06-01,06,16.605,17.881
2020-06-01,07,7.869,8.298
2020-06-01,08,245.683,255.715
2020-06-01,09,53.937,56.818
2020-06-01,10,9.515,10.951
2020-06-01,99,17.341,18.372
2020-07-01,01,240.666,250.487
2020-07-01,02,86.057,91.434
2020-07-01,03,238.116,248.076
2020-07-01,04,106.821,115.576
2020-07-01,05,316.94,336.363
2020-07-01,06,20.193,21.693
2020-07-01,07,13.045,13.775
2020-07-01,08,244.037,253.126
2020-07-01,09,62.354,65.554
2020-07-01,10,4.342,4.622
2020-07-01,99,20.356,21.631
2020-08-01,01,205.057,213.927
2020-08-01,02,91.978,97.305
2020-08-01,03,204.742,218.645
2020-08-01,04,89.395,95.603
2020-08-01,05,282.668,299.33
2020-08-01,06,24.893,27.222
2020-08-01,07,11.064,11.741
2020-08-01,08,234.117,242.3
2020-08-01,09,178.926,183.971
2020-08-01,10,2.572,2.783
2020-08-01,99,20.542,21.823
2020-09-01,01,221.167,229.329
2020-09-01,02,120.724,127.314
2020-09-01,03,189.122,200.677
2020-09-01,04,96.629,104.102
2020-09-01,05,315.841,335.425
2020-09-01,06,29.67,31.727
2020-09-01,07,11.929,12.595
2020-09-01,08,252.008,260.182
2020-09-01,09,85.559,89.938
2020-09-01,10,5.32,5.782
2020-09-01,99,21.091,22.4
2020-10-01,01,236.567,246.365
2020-10-01,02,133.495,142.454
2020-10-01,03,207.813,219.101
2020-10-01,04,118.262,127.552
2020-10-01,05,354.97,377.939
2020-10-01,06,26.981,29.051
2020-10-01,07,13.054,13.941
2020-10-01,08,257.673,267.668
2020-10-01,09,95.119,100.576
2020-10-01,10,6.469,7.063
2020-10-01,99,20.186,21.471
2020-11-01,01,238.738,249.972
2020-11-01,02,161.838,173.702
2020-11-01,03,236.667,249.085
2020-11-01,04,115.686,124.868
2020-11-01,05,351.496,375.735
2020-11-01,06,30.533,33.757
2020-11-01,07,11.281,12.115
2020-11-01,08,260.188,272.006
2020-11-01,09,88.397,94.438
2020-11-01,10,5.316,5.802
2020-11-01,99,20.549,21.867
2020-12-01,01,242.362,254.049
2020-12-01,02,158.236,171.208
2020-12-01,03,269.578,280.506
2020-12-01,04,144.139,155.679
2020-12-01,05,418.415,448.032
2020-12-01,06,30.545,33.45
2020-12-01,07,14.373,15.291
2020-12-01,08,285.179,298.446
2020-12-01,09,113.616,120.605
2020-12-01,10,5.836,6.437
2020-12-01,99,25.265,26.873
2021-01-01,01,187.487,197.195
2021-01-01,02,115.125,125.771
2021-01-01,03,316.135,325.349
2021-01-01,04,134.03,145.413
2021-01-01,05,422.611,452.858
2021-01-01,06,38.075,42.615
2021-01-01,07,10.75,11.544
2021-01-01,08,254.24,266.862
2021-01-01,09,87.546,94.157
2021-01-01,10,10.228,10.717
2021-01-01,99,18.45,19.64
2021-02-01,01,202.198,211.389
2021-02-01,02,129.865,143.19
2021-02-01,03,263.155,268.303
2021-02-01,04,99.685,107.795
2021-02-01,05,426.968,463.749
2021-02-01,06,34.569,38.566
2021-02-01,07,10.743,11.677
2021-02-01,08,241.535,256.23
2021-02-01,09,101.273,109.413
2021-02-01,10,6.672,7.195
2021-02-01,99,16.062,17.12
2021-03-01,01,255.508,268.963
2021-03-01,02,149.973,166.009
2021-03-01,03,379.522,391.011
2021-03-01,04,135.0,144.162
2021-03-01,05,539.089,585.46
2021-03-01,06,39.4,44.049
2021-03-01,07,11.658,12.679
2021-03-01,08,271.676,288.16
2021-03-01,09,100.026,109.285
2021-03-01,10,6.075,6.474
2021-03-01,99,19.816,21.136
2021-04-01,01,221.115,231.991
2021-04-01,02,147.018,160.202
2021-04-01,03,338.062,350.798
2021-04-01,04,139.546,150.363
2021-04-01,05,508.767,549.923
2021-04-01,06,34.988,39.054
2021-04-01,07,13.293,14.215
2021-04-01,08,277.362,294.527
2021-04-01,09,98.162,106.724
2021-04-01,10,13.57,14.066
2021-04-01,99,17.565,18.741
2021-05-01,01,207.495,218.723
2021-05-01,02,142.736,156.973
2021-05-01,03,301.645,315.376
2021-05-01,04,160.356,176.077
2021-05-01,05,503.142,543.654
2021-05-01,06,33.335,37.865
2021-05-01,07,12.122,13.053
2021-05-01,08,282.625,297.69
2021-05-01,09,103.517,113.143
2021-05-01,10,5.696,6.084
2021-05-01,99,16.7,17.819
2021-06-01,01,244.939,259.872
2021-06-01,02,171.941,188.309
2021-06-01,03,333.487,342.631
2021-06-01,04,146.917,161.549
2021-06-01,05,534.446,579.496
2021-06-01,06,39.833,45.541
2021-06-01,07,14.61,15.743
2021-06-01,08,306.366,323.26
2021-06-01,09,121.108,131.365
2021-06-01,10,7.157,7.671
2021-06-01,99,20.41,21.755
2021-07-01,01,265.202,282.009
2021-07-01,02,169.63,188.488
2021-07-01,03,446.762,462.737
2021-07-01,04,174.674,193.501
2021-07-01,05,597.797,653.874
2021-07-01,06,47.89,55.408
2021-07-01,07,16.049,17.634
2021-07-01,08,291.658,311.406
2021-07-01,09,135.797,150.112
2021-07-01,10,11.671,12.081
2021-07-01,99,25.767,27.372
2021-08-01,01,261.254,278.313
2021-08-01,02,180.651,202.285
2021-08-01,03,437.933,454.718
2021-08-01,04,165.495,185.395
2021-08-01,05,678.438,738.97
2021-08-01,06,43.833,51.628
2021-08-01,07,14.931,16.496
2021-08-01,08,314.519,334.113
2021-08-01,09,123.269,137.284
2021-08-01,10,4.337,4.701
2021-08-01,99,24.945,26.539
2021-09-01,01,269.85,289.4
2021-09-01,02,165.667,185.357
2021-09-01,03,346.511,359.914
2021-09-01,04,134.178,148.539
2021-09-01,05,646.989,710.859
2021-09-01,06,41.924,49.68
2021-09-01,07,10.763,11.854
2021-09-01,08,315.687,336.226
2021-09-01,09,125.135,139.166
2021-09-01,10,13.286,13.913
2021-09-01,99,27.134,28.822
2021-10-01,01,278.679,299.603
2021-10-01,02,157.0,177.512
2021-10-01,03,449.268,460.053
2021-10-01,04,172.569,194.536
2021-10-01,05,565.263,624.248
2021-10-01,06,43.266,51.944
2021-10-01,07,12.34,13.64
2021-10-01,08,290.703,311.454
2021-10-01,09,101.554,113.636
2021-10-01,10,6.373,6.865
2021-10-01,99,26.878,28.521
2021-11-01,01,284.661,307.149
2021-11-01,02,173.854,196.659
2021-11-01,03,516.315,535.734
2021-11-01,04,183.879,206.618
2021-11-01,05,633.157,705.244
2021-11-01,06,42.672,51.763
2021-11-01,07,12.811,14.345
2021-11-01,08,282.244,304.485
2021-11-01,09,120.285,136.668
2021-11-01,10,16.319,16.995
2021-11-01,99,30.263,32.125
2021-12-01,01,278.481,299.953
2021-12-01,02,190.898,217.073
2021-12-01,03,514.24,539.114
2021-12-01,04,205.233,230.335
2021-12-01,05,627.005,702.652
2021-12-01,06,45.763,55.3
2021-12-01,07,9.778,11.024
2021-12-01,08,319.152,343.928
2021-12-01,09,108.113,123.146
2021-12-01,10,9.481,10.251
2021-12-01,99,37.715,39.916
2022-01-01,01,226.655,245.38
2022-01-01,02,183.913,210.172
2022-01-01,03,499.281,512.51
2022-01-01,04,193.701,216.406
2022-01-01,05,632.066,716.933
2022-01-01,06,63.983,78.724
2022-01-01,07,13.511,15.263
2022-01-01,08,334.73,364.341
2022-01-01,09,162.346,184.135
2022-01-01,10,7.858,8.401
2022-01-01,99,27.29,28.827
2022-02-01,01,208.037,222.914
2022-02-01,02,155.7,175.549
2022-02-01,03,454.652,466.098
2022-02-01,04,213.87,240.525
2022-02-01,05,619.285,699.597
2022-02-01,06,61.487,73.192
2022-02-01,07,10.015,11.167
2022-02-01,08,303.173,334.129
2022-02-01,09,112.593,127.915
2022-02-01,10,10.024,10.828
2022-02-01,99,24.598,26.039
2022-03-01,01,297.721,320.869
2022-03-01,02,191.957,215.518
2022-03-01,03,589.152,607.625
2022-03-01,04,214.275,240.533
2022-03-01,05,729.099,823.974
2022-03-01,06,62.148,74.548
2022-03-01,07,15.162,16.883
2022-03-01,08,357.214,387.132
2022-03-01,09,121.388,138.74
2022-03-01,10,26.83,27.644
2022-03-01,99,28.794,30.51
2022-04-01,01,241.443,261.041
2022-04-01,02,176.929,196.473
2022-04-01,03,610.739,632.12
2022-04-01,04,198.36,220.468
2022-04-01,05,693.428,782.641
2022-04-01,06,52.536,62.298
2022-04-01,07,11.521,13.566
2022-04-01,08,325.826,348.68
2022-04-01,09,134.253,152.965
2022-04-01,10,6.657,7.214
2022-04-01,99,27.626,29.284
2022-05-01,01,265.686,287.022
2022-05-01,02,193.222,214.428
2022-05-01,03,702.54,733.361
2022-05-01,04,176.85,195.817
2022-05-01,05,588.045,654.664
2022-05-01,06,46.876,58.045
2022-05-01,07,13.461,15.068
2022-05-01,08,312.95,336.383
2022-05-01,09,153.314,168.903
2022-05-01,10,11.589,12.624
2022-05-01,99,28.333,30.023
2022-06-01,01,273.825,294.79
2022-06-01,02,188.999,210.486
2022-06-01,03,880.273,919.192
2022-06-01,04,200.842,222.111
2022-06-01,05,673.369,748.426
2022-06-01,06,46.596,56.076
2022-06-01,07,12.842,13.96
2022-06-01,08,304.729,326.934
2022-06-01,09,122.163,136.505
2022-06-01,10,11.689,12.455
2022-06-01,99,27.376,29.12
2022-07-01,01,287.613,309.772
2022-07-01,02,195.556,219.086
2022-07-01,03,673.616,707.988
2022-07-01,04,155.484,171.386
2022-07-01,05,604.849,676.141
2022-07-01,06,59.394,69.533
2022-07-01,07,13.342,14.869
2022-07-01,08,305.644,327.024
2022-07-01,09,149.369,168.166
2022-07-01,10,7.003,7.531
2022-07-01,99,26.897,28.577
2022-08-01,01,311.277,336.663
2022-08-01,02,224.532,252.859
2022-08-01,03,624.607,664.636
2022-08-01,04,182.664,203.741
2022-08-01,05,660.574,738.578
2022-08-01,06,50.876,61.07
2022-08-01,07,15.915,17.526
2022-08-01,08,359.037,385.557
2022-08-01,09,160.299,182.385
2022-08-01,10,5.965,6.849
2022-08-01,99,30.253,32.139
2022-09-01,01,312.034,336.856
2022-09-01,02,215.444,241.593
2022-09-01,03,620.925,656.742
2022-09-01,04,257.828,286.843
2022-09-01,05,694.333,778.168
2022-09-01,06,82.032,97.284
2022-09-01,07,15.217,16.853
2022-09-01,08,336.47,360.982
2022-09-01,09,158.716,180.519
2022-09-01,10,23.557,24.548
2022-09-01,99,28.879,30.706
2022-10-01,01,305.039,327.519
2022-10-01,02,198.177,220.093
2022-10-01,03,656.481,694.656
2022-10-01,04,207.489,228.396
2022-10-01,05,551.174,612.753
2022-10-01,06,49.679,57.614
2022-10-01,07,15.679,17.222
2022-10-01,08,339.676,361.239
2022-10-01,09,138.089,154.704
2022-10-01,10,6.475,7.307
2022-10-01,99,28.079,29.883
2022-11-01,01,337.913,359.833
2022-11-01,02,224.052,244.774
2022-11-01,03,751.564,793.106
2022-11-01,04,176.951,194.474
2022-11-01,05,609.337,674.646
2022-11-01,06,56.488,64.753
2022-11-01,07,10.206,10.925
2022-11-01,08,340.889,359.622
2022-11-01,09,155.327,171.165
2022-11-01,10,7.44,8.232
2022-11-01,99,28.903,30.754
2022-12-01,01,303.207,322.789
2022-12-01,02,179.81,197.998
2022-12-01,03,575.949,613.753
2022-12-01,04,221.813,246.94
2022-12-01,05,528.619,578.605
2022-12-01,06,56.25,63.349
2022-12-01,07,13.589,14.614
2022-12-01,08,364.988,384.262
2022-12-01,09,118.927,129.888
2022-12-01,10,6.304,6.867
2022-12-01,99,34.692,36.879
2023-01-01,01,245.286,260.171
2023-01-01,02,160.679,174.779
2023-01-01,03,615.556,643.695
2023-01-01,04,159.236,172.913
2023-01-01,05,552.431,605.148
2023-01-01,06,51.03,59.151
2023-01-01,07,12.168,12.994
2023-01-01,08,355.137,372.459
2023-01-01,09,138.274,149.624
2023-01-01,10,7.662,8.456
2023-01-01,99,26.973,28.701
2023-02-01,01,265.522,280.036
2023-02-01,02,187.161,202.097
2023-02-01,03,570.982,595.519
2023-02-01,04,206.076,227.305
2023-02-01,05,506.625,550.632
2023-02-01,06,57.742,65.274
2023-02-01,07,10.018,10.765
2023-02-01,08,315.816,329.114
2023-02-01,09,128.466,138.556
2023-02-01,10,6.374,6.978
2023-02-01,99,24.95,26.527
2023-03-01,01,300.607,315.815
2023-03-01,02,219.532,235.699
2023-03-01,03,589.37,626.053
2023-03-01,04,188.534,204.365
2023-03-01,05,547.824,591.342
2023-03-01,06,55.805,61.312
2023-03-01,07,10.733,11.364
2023-03-01,08,322.087,336.147
2023-03-01,09,144.391,156.538
2023-03-01,10,6.181,6.823
2023-03-01,99,30.081,32.001
2023-04-01,01,278.854,292.101
2023-04-01,02,180.227,193.828
2023-04-01,03,557.279,597.303
2023-04-01,04,203.109,219.292
2023-04-01,05,537.779,575.33
2023-04-01,06,43.719,48.644
2023-04-01,07,12.793,13.458
2023-04-01,08,325.496,338.541
2023-04-01,09,130.404,140.75
2023-04-01,10,5.425,5.974
2023-04-01,99,27.854,29.953
2023-05-01,01,321.002,336.422
2023-05-01,02,207.303,221.852
2023-05-01,03,427.946,459.142
2023-05-01,04,243.812,267.362
2023-05-01,05,590.887,630.542
2023-05-01,06,51.614,55.612
2023-05-01,07,18.502,19.435
2023-05-01,08,382.799,398.067
2023-05-01,09,141.732,152.467
2023-05-01,10,12.999,13.774
2023-05-01,99,33.584,35.645
2023-06-01,01,301.349,315.334
2023-06-01,02,212.914,227.711
2023-06-01,03,347.791,366.91
2023-06-01,04,215.408,231.877
2023-06-01,05,579.512,620.829
2023-06-01,06,51.103,55.721
2023-06-01,07,16.019,16.792
2023-06-01,08,358.502,373.58
2023-06-01,09,154.894,165.718
2023-06-01,10,5.28,5.799
2023-06-01,99,31.506,33.454
2023-07-01,01,311.442,326.352
2023-07-01,02,204.96,219.571
2023-07-01,03,538.353,568.308
2023-07-01,04,158.295,171.118
2023-07-01,05,538.71,575.094
2023-07-01,06,58.412,63.052
2023-07-01,07,9.954,10.607
2023-07-01,08,357.357,372.159
2023-07-01,09,130.551,139.237
2023-07-01,10,8.075,8.612
2023-07-01,99,28.829,30.634
2023-08-01,01,358.665,374.165
2023-08-01,02,244.405,259.687
2023-08-01,03,666.299,699.359
2023-08-01,04,199.195,213.537
2023-08-01,05,578.661,615.035
2023-08-01,06,61.732,66.567
2023-08-01,07,14.551,15.348
2023-08-01,08,401.381,415.708
2023-08-01,09,153.726,162.18
2023-08-01,10,7.739,8.447
2023-08-01,99,33.127,35.183
2023-09-01,01,318.902,332.385
2023-09-01,02,216.64,231.628
2023-09-01,03,774.371,816.851
2023-09-01,04,162.206,172.413
2023-09-01,05,487.576,517.293
2023-09-01,06,50.368,54.058
2023-09-01,07,10.462,11.101
2023-09-01,08,349.837,363.021
2023-09-01,09,135.763,144.199
2023-09-01,10,5.688,6.311
2023-09-01,99,28.361,30.146
2023-10-01,01,375.226,392.167
2023-10-01,02,239.596,255.391
2023-10-01,03,659.362,700.925
2023-10-01,04,163.122,174.54
2023-10-01,05,576.011,611.417
2023-10-01,06,58.864,63.557
2023-10-01,07,13.207,14.011
2023-10-01,08,365.229,379.964
2023-10-01,09,140.567,149.754
2023-10-01,10,8.666,9.414
2023-10-01,99,31.648,33.595
2023-11-01,01,354.062,368.695
2023-11-01,02,196.618,208.949
2023-11-01,03,746.395,788.86
2023-11-01,04,197.921,211.554
2023-11-01,05,542.149,574.579
2023-11-01,06,54.136,58.124
2023-11-01,07,10.511,11.281
2023-11-01,08,345.693,358.899
2023-11-01,09,122.763,130.031
2023-11-01,10,5.74,6.372
2023-11-01,99,31.701,33.661
2023-12-01,01,286.975,299.178
2023-12-01,02,194.469,207.381
2023-12-01,03,551.135,581.539
2023-12-01,04,176.418,190.865
2023-12-01,05,427.889,454.288
2023-12-01,06,49.105,53.233
2023-12-01,07,12.235,12.884
2023-12-01,08,360.806,376.517
2023-12-01,09,141.907,149.956
2023-12-01,10,9.252,9.919
2023-12-01,99,40.908,43.208
2024-01-01,01,280.777,292.125
2024-01-01,02,171.179,181.594
2024-01-01,03,490.068,519.378
2024-01-01,04,166.348,181.238
2024-01-01,05,472.168,501.256
2024-01-01,06,65.824,69.851
2024-01-01,07,12.841,13.442
2024-01-01,08,358.572,370.935
2024-01-01,09,115.487,123.316
2024-01-01,10,8.988,12.062
2024-01-01,99,27.699,29.353
2024-02-01,01,259.114,269.205
2024-02-01,02,155.481,165.065
2024-02-01,03,447.149,469.017
2024-02-01,04,178.341,194.049
2024-02-01,05,457.463,487.486
2024-02-01,06,45.505,48.686
2024-02-01,07,11.561,12.172
2024-02-01,08,295.689,306.464
2024-02-01,09,106.319,112.452
2024-02-01,10,5.906,6.446
2024-02-01,99,28.373,30.041
2024-03-01,01,288.205,299.196
2024-03-01,02,190.472,202.933
2024-03-01,03,544.342,578.699
2024-03-01,04,170.53,186.531
2024-03-01,05,495.605,530.244
2024-03-01,06,46.295,50.594
2024-03-01,07,10.862,11.627
2024-03-01,08,311.889,323.451
2024-03-01,09,115.89,123.803
2024-03-01,10,2.698,2.991
2024-03-01,99,28.918,30.574
2024-04-01,01,298.228,309.627
2024-04-01,02,179.548,191.137
2024-04-01,03,639.053,684.059
2024-04-01,04,170.158,181.944
2024-04-01,05,471.405,498.888
2024-04-01,06,48.755,52.3
2024-04-01,07,10.123,10.673
2024-04-01,08,329.606,343.136
2024-04-01,09,131.863,140.244
2024-04-01,10,2.533,2.818
2024-04-01,99,32.872,34.854
2024-05-01,01,285.375,296.561
2024-05-01,02,163.695,174.15
2024-05-01,03,614.111,652.791
2024-05-01,04,184.149,203.973
2024-05-01,05,531.516,566.056
2024-05-01,06,41.613,44.501
2024-05-01,07,15.297,16.342
2024-05-01,08,349.26,361.757
2024-05-01,09,117.896,124.638
2024-05-01,10,5.578,5.967
2024-05-01,99,34.232,36.286
2024-06-01,01,265.683,276.743
2024-06-01,02,155.844,167.39
2024-06-01,03,559.619,599.007
2024-06-01,04,190.285,205.922
2024-06-01,05,470.26,501.263
2024-06-01,06,38.442,41.753
2024-06-01,07,11.08,11.972
2024-06-01,08,338.557,352.837
2024-06-01,09,117.042,125.1
2024-06-01,10,6.661,7.246
2024-06-01,99,31.379,33.27
2024-07-01,01,285.687,300.039
2024-07-01,02,170.335,185.259
2024-07-01,03,522.731,552.135
2024-07-01,04,152.462,166.213
2024-07-01,05,546.379,591.214
2024-07-01,06,48.248,53.049
2024-07-01,07,13.075,14.092
2024-07-01,08,344.215,361.538
2024-07-01,09,117.589,128.432
2024-07-01,10,7.657,8.396
2024-07-01,99,35.125,37.141
2024-08-01,01,299.52,317.034
2024-08-01,02,186.651,207.664
2024-08-01,03,671.807,712.598
2024-08-01,04,165.168,179.77
2024-08-01,05,579.491,630.372
2024-08-01,06,47.474,53.126
2024-08-01,07,17.433,19.064
2024-08-01,08,391.039,412.272
2024-08-01,09,131.563,146.178
2024-08-01,10,6.937,7.441
2024-08-01,99,39.826,42.108
2024-09-01,01,279.623,294.984
2024-09-01,02,179.064,197.326
2024-09-01,03,607.532,643.202
2024-09-01,04,175.121,191.498
2024-09-01,05,504.515,546.511
2024-09-01,06,39.143,44.099
2024-09-01,07,10.096,10.856
2024-09-01,08,300.486,317.918
2024-09-01,09,101.793,112.245
2024-09-01,10,3.828,4.233
2024-09-01,99,46.368,48.951
2024-10-01,01,331.403,348.989
2024-10-01,02,183.217,201.197
2024-10-01,03,542.292,572.133
2024-10-01,04,191.323,210.785
2024-10-01,05,553.994,603.223
2024-10-01,06,48.44,53.358
2024-10-01,07,15.573,17.053
2024-10-01,08,381.219,404.617
2024-10-01,09,117.985,129.459
2024-10-01,10,6.205,6.748
2024-10-01,99,70.607,74.252
2024-11-01,01,314.63,331.484
2024-11-01,02,155.432,170.429
2024-11-01,03,602.636,635.448
2024-11-01,04,158.415,173.412
2024-11-01,05,491.014,530.562
2024-11-01,06,46.638,51.59
2024-11-01,07,16.21,17.473
2024-11-01,08,494.907,520.54
2024-11-01,09,117.365,126.901
2024-11-01,10,7.263,7.679
2024-11-01,99,81.164,85.458
2024-12-01,01,281.049,294.045
2024-12-01,02,167.5,183.289
2024-12-01,03,708.091,747.268
2024-12-01,04,148.563,161.848
2024-12-01,05,535.572,580.939
2024-12-01,06,52.848,58.49
2024-12-01,07,15.068,16.143
2024-12-01,08,392.845,413.861
2024-12-01,09,113.183,122.494
2024-12-01,10,6.002,6.444
2024-12-01,99,99.575,105.053
2025-01-01,01,244.556,255.963
2025-01-01,02,147.403,160.592
2025-01-01,03,685.721,721.55
2025-01-01,04,172.916,189.5
2025-01-01,05,517.733,559.185
2025-01-01,06,49.248,54.414
2025-01-01,07,13.044,13.936
2025-01-01,08,432.614,453.816
2025-01-01,09,111.715,120.95
2025-01-01,10,11.374,12.019
2025-01-01,99,70.946,74.584
2025-02-01,01,251.539,262.419
2025-02-01,02,151.788,163.813
2025-02-01,03,573.388,603.248
2025-02-01,04,158.13,172.603
2025-02-01,05,522.791,565.377
2025-02-01,06,46.08,50.355
2025-02-01,07,12.801,13.707
2025-02-01,08,379.251,395.414
2025-02-01,09,146.867,155.868
2025-02-01,10,4.21,4.748
2025-02-01,99,77.641,81.603
2025-03-01,01,284.511,296.623
2025-03-01,02,148.757,160.97
2025-03-01,03,442.542,464.583
2025-03-01,04,147.03,160.747
2025-03-01,05,556.13,596.069
2025-03-01,06,57.881,62.854
2025-03-01,07,18.35,19.621
2025-03-01,08,351.946,367.475
2025-03-01,09,124.13,132.515
2025-03-01,10,6.923,7.307
2025-03-01,99,84.162,88.661
2025-04-01,01,295.421,307.432
2025-04-01,02,157.732,169.775
2025-04-01,03,464.093,492.969
2025-04-01,04,199.135,215.107
2025-04-01,05,569.13,610.078
2025-04-01,06,44.114,49.105
2025-04-01,07,14.856,15.653
2025-04-01,08,380.839,397.416
2025-04-01,09,120.35,128.687
2025-04-01,10,10.021,10.6
2025-04-01,99,104.431,109.925
2025-05-01,01,315.009,328.679
2025-05-01,02,159.519,170.923
2025-05-01,03,562.016,596.138
2025-05-01,04,213.207,231.301
2025-05-01,05,679.508,726.041
2025-05-01,06,53.438,57.939
2025-05-01,07,17.973,18.777
2025-05-01,08,378.833,393.997
2025-05-01,09,146.347,155.422
2025-05-01,10,6.11,6.655
2025-05-01,99,104.708,110.178
2025-06-01,01,323.639,336.662
2025-06-01,02,195.662,209.776
2025-06-01,03,606.574,629.08
2025-06-01,04,189.78,203.235
2025-06-01,05,605.81,648.046
2025-06-01,06,57.68,63.402
2025-06-01,07,14.41,15.232
2025-06-01,08,367.87,381.541
2025-06-01,09,163.262,173.493
2025-06-01,10,5.476,6.035
2025-06-01,99,92.429,97.103
2025-07-01,01,324.602,338.46
2025-07-01,02,199.693,215.405
2025-07-01,03,636.597,677.299
2025-07-01,04,222.358,239.99
2025-07-01,05,657.437,704.509
2025-07-01,06,69.489,77.178
2025-07-01,07,18.863,20.039
2025-07-01,08,398.246,415.416
2025-07-01,09,154.491,165.836
2025-07-01,10,6.432,6.973
2025-07-01,99,71.16,74.846
2025-08-01,01,306.101,320.12
2025-08-01,02,192.509,207.683
2025-08-01,03,561.094,594.862
2025-08-01,04,155.084,166.154
2025-08-01,05,601.255,646.436
2025-08-01,06,57.571,63.671
2025-08-01,07,16.008,16.915
2025-08-01,08,369.836,385.955
2025-08-01,09,159.191,171.077
2025-08-01,10,5.492,6.509
2025-08-01,99,69.173,72.734
2025-09-01,01,343.924,358.37
2025-09-01,02,224.78,241.649
2025-09-01,03,510.895,545.326
2025-09-01,04,200.192,216.215
2025-09-01,05,610.024,656.514
2025-09-01,06,71.425,77.82
2025-09-01,07,19.798,21.215
2025-09-01,08,425.207,443.438
2025-09-01,09,169.935,182.509
2025-09-01,10,10.16,10.883
2025-09-01,99,68.474,71.974
2025-10-01,01,378.047,395.248
2025-10-01,02,240.984,258.457
2025-10-01,03,509.118,540.96
2025-10-01,04,207.206,223.402
2025-10-01,05,665.879,712.106
2025-10-01,06,65.28,71.005
2025-10-01,07,17.949,19.018
2025-10-01,08,462.467,481.24
2025-10-01,09,188.5,202.26
2025-10-01,10,8.489,9.214
2025-10-01,99,68.712,72.333
2025-11-01,01,326.433,340.385
2025-11-01,02,252.136,270.802
2025-11-01,03,553.197,588.101
2025-11-01,04,207.717,227.108
2025-11-01,05,550.052,589.206
2025-11-01,06,57.022,62.801
2025-11-01,07,16.634,17.463
2025-11-01,08,395.499,412.533
2025-11-01,09,171.533,183.604
2025-11-01,10,5.723,6.239
2025-11-01,99,68.304,71.983
2025-12-01,01,329.178,343.068
2025-12-01,02,238.246,254.843
2025-12-01,03,540.698,573.161
2025-12-01,04,219.55,238.883
2025-12-01,05,601.544,640.594
2025-12-01,06,69.233,75.499
2025-12-01,07,25.273,26.492
2025-12-01,08,457.497,476.229
2025-12-01,09,215.553,228.46
2025-12-01,10,7.656,8.226
2025-12-01,99,98.171,103.199
2026-01-01,01,312.423,324.401
2026-01-01,02,281.411,300.689
2026-01-01,03,394.581,417.816
2026-01-01,04,201.594,216.617
2026-01-01,05,565.595,603.819
2026-01-01,06,60.627,65.973
2026-01-01,07,17.312,18.229
2026-01-01,08,399.093,414.383
2026-01-01,09,171.721,183.162
2026-01-01,10,4.799,5.452
2026-01-01,99,61.51,64.757
2026-02-01,01,263.513,274.646
2026-02-01,02,240.4,257.459
2026-02-01,03,493.11,525.368
2026-02-01,04,138.279,149.374
2026-02-01,05,569.885,609.63
2026-02-01,06,58.539,63.693
2026-02-01,07,9.718,10.218
2026-02-01,08,369.871,383.578
2026-02-01,09,146.652,156.167
2026-02-01,10,7.504,8.074
2026-02-01,99,54.936,57.915
2026-03-01,01,306.859,319.118
2026-03-01,02,263.4,279.952
2026-03-01,03,841.403,889.268
2026-03-01,04,223.509,244.518
2026-03-01,05,641.949,687.468
2026-03-01,06,64.033,69.782
2026-03-01,07,15.269,16.202
2026-03-01,08,410.464,425.252
2026-03-01,09,158.901,168.92
2026-03-01,10,8.744,9.321
2026-03-01,99,65.073,68.643
2026-04-01,01,352.901,367.589
2026-04-01,02,225.998,241.142
2026-04-01,03,1044.006,1123.361
2026-04-01,04,240.876,263.855
2026-04-01,05,662.822,705.897
2026-04-01,06,65.771,71.826
2026-04-01,07,20.036,21.03
2026-04-01,08,401.241,416.359
2026-04-01,09,180.302,192.705
2026-04-01,10,7.152,7.694
2026-04-01,99,64.183,67.75
2026-05-01,01,300.702,314.203
2026-05-01,02,209.535,224.742
2026-05-01,03,910.299,972.444
2026-05-01,04,204.203,223.654
2026-05-01,05,660.26,705.914
2026-05-01,06,62.59,70.221
2026-05-01,07,15.973,16.804
2026-05-01,08,442.22,460.198
2026-05-01,09,170.074,183.676
2026-05-01,10,5.923,6.563
2026-05-01,99,65.725,69.275
2026-06-01,01,337.278,352.212
2026-06-01,02,278.348,300.545
2026-06-01,03,827.525,863.445
2026-06-01,04,181.422,196.99
2026-06-01,05,711.536,760.957
2026-06-01,06,62.2,68.648
2026-06-01,07,15.741,17.284
2026-06-01,08,399.568,415.919
2026-06-01,09,187.586,201.593
2026-06-01,10,9.034,10.002
2026-06-01,99,70.809,74.674
2026-07-01,01,352.4,370.667
2026-07-01,02,224.684,242.818
2026-07-01,03,861.73,902.268
2026-07-01,04,266.862,294.995
2026-07-01,05,701.198,756.444
2026-07-01,06,74.578,85.354
2026-07-01,07,18.156,19.625
2026-07-01,08,446.274,467.376
2026-07-01,09,194.972,210.53
2026-07-01,10,4.097,4.576
2026-07-01,99,68.532,72.246
