ccif,division,ponderacion,incidencia
01,Alimentos y bebidas no alcohólicas,22.518,-0.0389
02,"Bebidas alcohólicas, tabaco y estupefacientes",0.519,0.0055
03,Prendas de vestir y calzado,6.367,-0.0079
04,"Vivienda, agua, electricidad, gas y otros combustibles",10.901,0.0009
05,"Muebles, artículos para el hogar y para la conservación ordinaria del hogar",6.245,-0.0018
06,Salud,7.797,-0.0091
07,Transporte,13.102,0.1645
08,Información y comunicación,5.781,-0.037
09,"Recreación, deporte y cultura",3.023,0.0106
10,Servicios educativos,5.696,-0.0008
11,Servicios de restaurantes y alojamiento,9.526,0.0131
12,Seguros y servicios financieros,0.47,0.0
13,"Cuidado personal, previsión social y bienes y servicios diversos",8.056,-0.0563
