tipo,fecha,concepto,valor
anual,2026-01-01,capital_externa,1522.797
anual,2027-01-01,capital_externa,4206.582
anual,2028-01-01,capital_externa,4192.634
anual,2029-01-01,capital_externa,4036.879
anual,2030-01-01,capital_externa,3798.376
anual,2031-01-01,capital_externa,3921.93
anual,2032-01-01,capital_externa,4541.1
anual,2033-01-01,capital_externa,4367.416
anual,2034-01-01,capital_externa,4109.414
anual,2035-01-01,capital_externa,2639.099
anual,2036-01-01,capital_externa,2006.031
anual,2037-01-01,capital_externa,2703.929
anual,2038-01-01,capital_externa,2857.399
anual,2039-01-01,capital_externa,2423.641
anual,2040-01-01,capital_externa,1531.28
anual,2041-01-01,capital_externa,783.119
anual,2042-01-01,capital_externa,542.728
anual,2043-01-01,capital_externa,427.516
anual,2044-01-01,capital_externa,329.66
anual,2045-01-01,capital_externa,250.212
anual,2046-01-01,capital_externa,177.11
anual,2047-01-01,capital_externa,184.865
anual,2048-01-01,capital_externa,152.824
anual,2049-01-01,capital_externa,105.521
anual,2050-01-01,capital_externa,76.202
anual,2051-01-01,capital_externa,67.251
anual,2052-01-01,capital_externa,62.537
anual,2053-01-01,capital_externa,57.347
anual,2054-01-01,capital_externa,51.616
anual,2055-01-01,capital_externa,1.391
anual,2056-01-01,capital_externa,1.391
anual,2057-01-01,capital_externa,1.391
anual,2058-01-01,capital_externa,1.391
anual,2059-01-01,capital_externa,1.391
anual,2060-01-01,capital_externa,1.391
anual,2061-01-01,capital_externa,1.391
anual,2062-01-01,capital_externa,1.391
anual,2063-01-01,capital_externa,1.391
anual,2064-01-01,capital_externa,0.49
anual,2065-01-01,capital_externa,0.49
anual,2026-01-01,capital_interna,1278.987
anual,2027-01-01,capital_interna,4432.88
anual,2028-01-01,capital_interna,3874.3
anual,2029-01-01,capital_interna,3536.336
anual,2030-01-01,capital_interna,2628.476
anual,2031-01-01,capital_interna,2706.218
anual,2032-01-01,capital_interna,2626.979
anual,2033-01-01,capital_interna,2104.813
anual,2034-01-01,capital_interna,425.308
anual,2035-01-01,capital_interna,743.825
anual,2036-01-01,capital_interna,241.471
anual,2037-01-01,capital_interna,195.448
anual,2038-01-01,capital_interna,197.968
anual,2039-01-01,capital_interna,200.508
anual,2040-01-01,capital_interna,203.123
anual,2041-01-01,capital_interna,5711.867
anual,2042-01-01,capital_interna,19684.773
anual,2043-01-01,capital_interna,25396.64
anual,2044-01-01,capital_interna,0.0
anual,2045-01-01,capital_interna,0.0
anual,2046-01-01,capital_interna,0.0
anual,2047-01-01,capital_interna,0.0
anual,2048-01-01,capital_interna,0.0
anual,2049-01-01,capital_interna,0.0
anual,2050-01-01,capital_interna,0.0
anual,2051-01-01,capital_interna,0.0
anual,2052-01-01,capital_interna,0.0
anual,2053-01-01,capital_interna,0.0
anual,2054-01-01,capital_interna,0.0
anual,2055-01-01,capital_interna,0.0
anual,2056-01-01,capital_interna,0.0
anual,2057-01-01,capital_interna,0.0
anual,2058-01-01,capital_interna,0.0
anual,2059-01-01,capital_interna,0.0
anual,2060-01-01,capital_interna,0.0
anual,2061-01-01,capital_interna,0.0
anual,2062-01-01,capital_interna,0.0
anual,2063-01-01,capital_interna,0.0
anual,2064-01-01,capital_interna,0.0
anual,2065-01-01,capital_interna,0.0
anual,2026-01-01,capital_bonos,0.0
anual,2027-01-01,capital_bonos,316.788
anual,2028-01-01,capital_bonos,318.288
anual,2029-01-01,capital_bonos,321.788
anual,2030-01-01,capital_bonos,327.288
anual,2031-01-01,capital_bonos,1204.475
anual,2032-01-01,capital_bonos,2120.385
anual,2033-01-01,capital_bonos,2135.385
anual,2034-01-01,capital_bonos,2128.655
anual,2035-01-01,capital_bonos,1203.475
anual,2036-01-01,capital_bonos,626.735
anual,2037-01-01,capital_bonos,1393.325
anual,2038-01-01,capital_bonos,1393.325
anual,2039-01-01,capital_bonos,1393.555
anual,2040-01-01,capital_bonos,626.735
anual,2041-01-01,capital_bonos,0.0
anual,2042-01-01,capital_bonos,0.0
anual,2043-01-01,capital_bonos,0.0
anual,2044-01-01,capital_bonos,0.0
anual,2045-01-01,capital_bonos,0.0
anual,2046-01-01,capital_bonos,0.0
anual,2047-01-01,capital_bonos,0.0
anual,2048-01-01,capital_bonos,0.0
anual,2049-01-01,capital_bonos,0.0
anual,2050-01-01,capital_bonos,0.0
anual,2051-01-01,capital_bonos,0.0
anual,2052-01-01,capital_bonos,0.0
anual,2053-01-01,capital_bonos,0.0
anual,2054-01-01,capital_bonos,0.0
anual,2055-01-01,capital_bonos,0.0
anual,2056-01-01,capital_bonos,0.0
anual,2057-01-01,capital_bonos,0.0
anual,2058-01-01,capital_bonos,0.0
anual,2059-01-01,capital_bonos,0.0
anual,2060-01-01,capital_bonos,0.0
anual,2061-01-01,capital_bonos,0.0
anual,2062-01-01,capital_bonos,0.0
anual,2063-01-01,capital_bonos,0.0
anual,2064-01-01,capital_bonos,0.0
anual,2065-01-01,capital_bonos,0.0
anual,2026-01-01,capital_bancos,36.386
anual,2027-01-01,capital_bancos,194.881
anual,2028-01-01,capital_bancos,135.862
anual,2029-01-01,capital_bancos,114.437
anual,2030-01-01,capital_bancos,47.231
anual,2031-01-01,capital_bancos,45.262
anual,2032-01-01,capital_bancos,46.789
anual,2033-01-01,capital_bancos,46.789
anual,2034-01-01,capital_bancos,46.789
anual,2035-01-01,capital_bancos,46.789
anual,2036-01-01,capital_bancos,34.861
anual,2037-01-01,capital_bancos,28.415
anual,2038-01-01,capital_bancos,272.865
anual,2039-01-01,capital_bancos,17.648
anual,2040-01-01,capital_bancos,16.953
anual,2041-01-01,capital_bancos,16.953
anual,2042-01-01,capital_bancos,10.201
anual,2043-01-01,capital_bancos,9.15
anual,2044-01-01,capital_bancos,9.043
anual,2045-01-01,capital_bancos,8.843
anual,2046-01-01,capital_bancos,8.843
anual,2047-01-01,capital_bancos,7.531
anual,2048-01-01,capital_bancos,7.531
anual,2049-01-01,capital_bancos,1.862
anual,2050-01-01,capital_bancos,1.694
anual,2051-01-01,capital_bancos,0.299
anual,2052-01-01,capital_bancos,0.0
anual,2053-01-01,capital_bancos,0.0
anual,2054-01-01,capital_bancos,0.0
anual,2055-01-01,capital_bancos,0.0
anual,2056-01-01,capital_bancos,0.0
anual,2057-01-01,capital_bancos,0.0
anual,2058-01-01,capital_bancos,0.0
anual,2059-01-01,capital_bancos,0.0
anual,2060-01-01,capital_bancos,0.0
anual,2061-01-01,capital_bancos,0.0
anual,2062-01-01,capital_bancos,0.0
anual,2063-01-01,capital_bancos,0.0
anual,2064-01-01,capital_bancos,0.0
anual,2065-01-01,capital_bancos,0.0
anual,2026-01-01,capital_gobiernos,282.623
anual,2027-01-01,capital_gobiernos,615.565
anual,2028-01-01,capital_gobiernos,474.678
anual,2029-01-01,capital_gobiernos,248.677
anual,2030-01-01,capital_gobiernos,205.694
anual,2031-01-01,capital_gobiernos,199.558
anual,2032-01-01,capital_gobiernos,187.558
anual,2033-01-01,capital_gobiernos,146.651
anual,2034-01-01,capital_gobiernos,145.65
anual,2035-01-01,capital_gobiernos,128.638
anual,2036-01-01,capital_gobiernos,111.382
anual,2037-01-01,capital_gobiernos,90.742
anual,2038-01-01,capital_gobiernos,70.1
anual,2039-01-01,capital_gobiernos,65.48
anual,2040-01-01,capital_gobiernos,44.984
anual,2041-01-01,capital_gobiernos,39.928
anual,2042-01-01,capital_gobiernos,39.696
anual,2043-01-01,capital_gobiernos,18.035
anual,2044-01-01,capital_gobiernos,17.764
anual,2045-01-01,capital_gobiernos,8.517
anual,2046-01-01,capital_gobiernos,6.797
anual,2047-01-01,capital_gobiernos,6.797
anual,2048-01-01,capital_gobiernos,6.641
anual,2049-01-01,capital_gobiernos,6.092
anual,2050-01-01,capital_gobiernos,4.351
anual,2051-01-01,capital_gobiernos,2.907
anual,2052-01-01,capital_gobiernos,2.688
anual,2053-01-01,capital_gobiernos,2.688
anual,2054-01-01,capital_gobiernos,1.626
anual,2055-01-01,capital_gobiernos,0.901
anual,2056-01-01,capital_gobiernos,0.901
anual,2057-01-01,capital_gobiernos,0.901
anual,2058-01-01,capital_gobiernos,0.901
anual,2059-01-01,capital_gobiernos,0.901
anual,2060-01-01,capital_gobiernos,0.901
anual,2061-01-01,capital_gobiernos,0.901
anual,2062-01-01,capital_gobiernos,0.901
anual,2063-01-01,capital_gobiernos,0.901
anual,2064-01-01,capital_gobiernos,0.0
anual,2065-01-01,capital_gobiernos,0.0
anual,2026-01-01,capital_organismos,1203.788
anual,2027-01-01,capital_organismos,3079.348
anual,2028-01-01,capital_organismos,3263.806
anual,2029-01-01,capital_organismos,3351.977
anual,2030-01-01,capital_organismos,3203.585
anual,2031-01-01,capital_organismos,2414.322
anual,2032-01-01,capital_organismos,2128.055
anual,2033-01-01,capital_organismos,1869.167
anual,2034-01-01,capital_organismos,1618.896
anual,2035-01-01,capital_organismos,1090.773
anual,2036-01-01,capital_organismos,1063.628
anual,2037-01-01,capital_organismos,1022.024
anual,2038-01-01,capital_organismos,951.686
anual,2039-01-01,capital_organismos,777.533
anual,2040-01-01,capital_organismos,673.183
anual,2041-01-01,capital_organismos,556.813
anual,2042-01-01,capital_organismos,492.831
anual,2043-01-01,capital_organismos,400.331
anual,2044-01-01,capital_organismos,302.853
anual,2045-01-01,capital_organismos,232.852
anual,2046-01-01,capital_organismos,161.47
anual,2047-01-01,capital_organismos,170.537
anual,2048-01-01,capital_organismos,138.653
anual,2049-01-01,capital_organismos,97.567
anual,2050-01-01,capital_organismos,70.157
anual,2051-01-01,capital_organismos,64.044
anual,2052-01-01,capital_organismos,59.849
anual,2053-01-01,capital_organismos,54.66
anual,2054-01-01,capital_organismos,49.99
anual,2055-01-01,capital_organismos,0.49
anual,2056-01-01,capital_organismos,0.49
anual,2057-01-01,capital_organismos,0.49
anual,2058-01-01,capital_organismos,0.49
anual,2059-01-01,capital_organismos,0.49
anual,2060-01-01,capital_organismos,0.49
anual,2061-01-01,capital_organismos,0.49
anual,2062-01-01,capital_organismos,0.49
anual,2063-01-01,capital_organismos,0.49
anual,2064-01-01,capital_organismos,0.49
anual,2065-01-01,capital_organismos,0.49
anual,2026-01-01,intereses_externa,735.216
anual,2027-01-01,intereses_externa,2823.003
anual,2028-01-01,intereses_externa,2665.471
anual,2029-01-01,intereses_externa,2502.793
anual,2030-01-01,intereses_externa,2355.952
anual,2031-01-01,intereses_externa,2098.761
anual,2032-01-01,intereses_externa,1848.97
anual,2033-01-01,intereses_externa,1553.592
anual,2034-01-01,intereses_externa,1287.876
anual,2035-01-01,intereses_externa,1078.483
anual,2036-01-01,intereses_externa,935.709
anual,2037-01-01,intereses_externa,786.604
anual,2038-01-01,intereses_externa,601.95
anual,2039-01-01,intereses_externa,413.108
anual,2040-01-01,intereses_externa,280.482
anual,2041-01-01,intereses_externa,200.232
anual,2042-01-01,intereses_externa,120.326
anual,2043-01-01,intereses_externa,92.78
anual,2044-01-01,intereses_externa,72.039
anual,2045-01-01,intereses_externa,55.66
anual,2046-01-01,intereses_externa,44.135
anual,2047-01-01,intereses_externa,35.483
anual,2048-01-01,intereses_externa,26.929
anual,2049-01-01,intereses_externa,19.682
anual,2050-01-01,intereses_externa,15.014
anual,2051-01-01,intereses_externa,11.291
anual,2052-01-01,intereses_externa,7.943
anual,2053-01-01,intereses_externa,4.765
anual,2054-01-01,intereses_externa,2.017
anual,2055-01-01,intereses_externa,0.017
anual,2056-01-01,intereses_externa,0.015
anual,2057-01-01,intereses_externa,0.014
anual,2058-01-01,intereses_externa,0.012
anual,2059-01-01,intereses_externa,0.01
anual,2060-01-01,intereses_externa,0.009
anual,2061-01-01,intereses_externa,0.007
anual,2062-01-01,intereses_externa,0.005
anual,2063-01-01,intereses_externa,0.004
anual,2064-01-01,intereses_externa,0.002
anual,2065-01-01,intereses_externa,0.001
anual,2026-01-01,intereses_interna,896.545
anual,2027-01-01,intereses_interna,1647.999
anual,2028-01-01,intereses_interna,1363.741
anual,2029-01-01,intereses_interna,1076.012
anual,2030-01-01,intereses_interna,837.66
anual,2031-01-01,intereses_interna,623.655
anual,2032-01-01,intereses_interna,359.138
anual,2033-01-01,intereses_interna,176.541
anual,2034-01-01,intereses_interna,84.796
anual,2035-01-01,intereses_interna,59.834
anual,2036-01-01,intereses_interna,14.41
anual,2037-01-01,intereses_interna,9.734
anual,2038-01-01,intereses_interna,7.181
anual,2039-01-01,intereses_interna,4.598
anual,2040-01-01,intereses_interna,1.983
anual,2041-01-01,intereses_interna,2544.544
anual,2042-01-01,intereses_interna,4619.284
anual,2043-01-01,intereses_interna,7163.827
anual,2044-01-01,intereses_interna,0.0
anual,2045-01-01,intereses_interna,0.0
anual,2046-01-01,intereses_interna,0.0
anual,2047-01-01,intereses_interna,0.0
anual,2048-01-01,intereses_interna,0.0
anual,2049-01-01,intereses_interna,0.0
anual,2050-01-01,intereses_interna,0.0
anual,2051-01-01,intereses_interna,0.0
anual,2052-01-01,intereses_interna,0.0
anual,2053-01-01,intereses_interna,0.0
anual,2054-01-01,intereses_interna,0.0
anual,2055-01-01,intereses_interna,0.0
anual,2056-01-01,intereses_interna,0.0
anual,2057-01-01,intereses_interna,0.0
anual,2058-01-01,intereses_interna,0.0
anual,2059-01-01,intereses_interna,0.0
anual,2060-01-01,intereses_interna,0.0
anual,2061-01-01,intereses_interna,0.0
anual,2062-01-01,intereses_interna,0.0
anual,2063-01-01,intereses_interna,0.0
anual,2064-01-01,intereses_interna,0.0
anual,2065-01-01,intereses_interna,0.0
mensual,2026-08-01,capital_total,116.557
mensual,2026-09-01,capital_total,352.627
mensual,2026-10-01,capital_total,407.873
mensual,2026-11-01,capital_total,339.913
mensual,2026-12-01,capital_total,1584.814
mensual,2027-01-01,capital_total,715.434
mensual,2027-02-01,capital_total,344.018
mensual,2027-03-01,capital_total,1767.474
mensual,2027-04-01,capital_total,1292.597
mensual,2027-05-01,capital_total,1099.718
mensual,2027-06-01,capital_total,690.892
mensual,2027-07-01,capital_total,662.339
mensual,2027-08-01,capital_total,127.015
mensual,2027-09-01,capital_total,442.074
mensual,2027-10-01,capital_total,299.17
mensual,2027-11-01,capital_total,447.743
mensual,2027-12-01,capital_total,750.99
mensual,2026-08-01,intereses_total,206.892
mensual,2026-09-01,intereses_total,389.146
mensual,2026-10-01,intereses_total,437.833
mensual,2026-11-01,intereses_total,319.676
mensual,2026-12-01,intereses_total,278.215
mensual,2027-01-01,intereses_total,771.643
mensual,2027-02-01,intereses_total,205.067
mensual,2027-03-01,intereses_total,379.919
mensual,2027-04-01,intereses_total,425.051
mensual,2027-05-01,intereses_total,309.536
mensual,2027-06-01,intereses_total,228.193
mensual,2027-07-01,intereses_total,752.203
mensual,2027-08-01,intereses_total,194.23
mensual,2027-09-01,intereses_total,325.339
mensual,2027-10-01,intereses_total,384.225
mensual,2027-11-01,intereses_total,274.926
mensual,2027-12-01,intereses_total,220.668
