fecha,seccion,nombre,ventas
2020-01-01,9,Sin clasificar,0.19
2020-01-01,A,Agricultura y pesca,1137.847
2020-01-01,B,Minas y canteras,468.547
2020-01-01,C,Manufactura,2265.999
2020-01-01,D,Electricidad y gas,272.128
2020-01-01,E,Agua y saneamiento,73.053
2020-01-01,F,Construcción,274.104
2020-01-01,G,Comercio,6852.406
2020-01-01,H,Transporte y almacenamiento,649.75
2020-01-01,I,Alojamiento y comidas,223.348
2020-01-01,J,Información y comunicación,367.459
2020-01-01,K,Actividades financieras,497.972
2020-01-01,L,Actividades inmobiliarias,249.749
2020-01-01,M,Actividades profesionales,519.157
2020-01-01,N,Servicios administrativos,243.102
2020-01-01,O,Administración pública,80.829
2020-01-01,P,Enseñanza,179.725
2020-01-01,Q,Salud,288.208
2020-01-01,R,Artes y recreación,37.755
2020-01-01,S,Otros servicios,212.624
2020-01-01,T,Hogares,1.084
2020-01-01,U,Organizaciones extraterritoriales,0.122
2020-01-01,V,Sin clasificar,0.296
2020-01-01,W,Sin clasificar,0.228
2020-01-01,X,Sin clasificar,0.044
2020-02-01,9,Sin clasificar,0.289
2020-02-01,A,Agricultura y pesca,1219.422
2020-02-01,B,Minas y canteras,489.012
2020-02-01,C,Manufactura,2143.977
2020-02-01,D,Electricidad y gas,279.734
2020-02-01,E,Agua y saneamiento,77.838
2020-02-01,F,Construcción,317.599
2020-02-01,G,Comercio,6346.502
2020-02-01,H,Transporte y almacenamiento,620.716
2020-02-01,I,Alojamiento y comidas,225.418
2020-02-01,J,Información y comunicación,379.204
2020-02-01,K,Actividades financieras,446.088
2020-02-01,L,Actividades inmobiliarias,235.934
2020-02-01,M,Actividades profesionales,521.418
2020-02-01,N,Servicios administrativos,238.821
2020-02-01,O,Administración pública,69.749
2020-02-01,P,Enseñanza,168.591
2020-02-01,Q,Salud,264.625
2020-02-01,R,Artes y recreación,33.469
2020-02-01,S,Otros servicios,185.107
2020-02-01,T,Hogares,1.011
2020-02-01,U,Organizaciones extraterritoriales,0.123
2020-02-01,V,Sin clasificar,0.055
2020-02-01,W,Sin clasificar,0.242
2020-02-01,X,Sin clasificar,0.034
2020-03-01,9,Sin clasificar,0.039
2020-03-01,A,Agricultura y pesca,959.753
2020-03-01,B,Minas y canteras,432.906
2020-03-01,C,Manufactura,1805.306
2020-03-01,D,Electricidad y gas,266.403
2020-03-01,E,Agua y saneamiento,65.808
2020-03-01,F,Construcción,242.101
2020-03-01,G,Comercio,5278.396
2020-03-01,H,Transporte y almacenamiento,471.656
2020-03-01,I,Alojamiento y comidas,128.662
2020-03-01,J,Información y comunicación,352.888
2020-03-01,K,Actividades financieras,392.833
2020-03-01,L,Actividades inmobiliarias,186.262
2020-03-01,M,Actividades profesionales,439.029
2020-03-01,N,Servicios administrativos,196.442
2020-03-01,O,Administración pública,54.448
2020-03-01,P,Enseñanza,204.039
2020-03-01,Q,Salud,204.122
2020-03-01,R,Artes y recreación,26.565
2020-03-01,S,Otros servicios,159.186
2020-03-01,T,Hogares,0.7
2020-03-01,U,Organizaciones extraterritoriales,0.175
2020-03-01,V,Sin clasificar,0.013
2020-03-01,W,Sin clasificar,0.184
2020-03-01,X,Sin clasificar,0.028
2020-04-01,9,Sin clasificar,0.044
2020-04-01,A,Agricultura y pesca,934.884
2020-04-01,B,Minas y canteras,333.706
2020-04-01,C,Manufactura,1375.674
2020-04-01,D,Electricidad y gas,264.086
2020-04-01,E,Agua y saneamiento,59.666
2020-04-01,F,Construcción,144.021
2020-04-01,G,Comercio,3647.607
2020-04-01,H,Transporte y almacenamiento,356.167
2020-04-01,I,Alojamiento y comidas,62.419
2020-04-01,J,Información y comunicación,311.761
2020-04-01,K,Actividades financieras,318.413
2020-04-01,L,Actividades inmobiliarias,111.323
2020-04-01,M,Actividades profesionales,337.651
2020-04-01,N,Servicios administrativos,142.534
2020-04-01,O,Administración pública,28.733
2020-04-01,P,Enseñanza,111.957
2020-04-01,Q,Salud,148.1
2020-04-01,R,Artes y recreación,16.533
2020-04-01,S,Otros servicios,118.968
2020-04-01,T,Hogares,0.52
2020-04-01,U,Organizaciones extraterritoriales,0.184
2020-04-01,V,Sin clasificar,0.007
2020-04-01,W,Sin clasificar,0.156
2020-04-01,X,Sin clasificar,0.022
2020-05-01,9,Sin clasificar,0.068
2020-05-01,A,Agricultura y pesca,1027.298
2020-05-01,B,Minas y canteras,230.254
2020-05-01,C,Manufactura,1697.361
2020-05-01,D,Electricidad y gas,258.559
2020-05-01,E,Agua y saneamiento,58.665
2020-05-01,F,Construcción,154.366
2020-05-01,G,Comercio,4330.136
2020-05-01,H,Transporte y almacenamiento,385.536
2020-05-01,I,Alojamiento y comidas,76.136
2020-05-01,J,Información y comunicación,316.917
2020-05-01,K,Actividades financieras,327.459
2020-05-01,L,Actividades inmobiliarias,140.653
2020-05-01,M,Actividades profesionales,336.592
2020-05-01,N,Servicios administrativos,143.774
2020-05-01,O,Administración pública,33.116
2020-05-01,P,Enseñanza,125.991
2020-05-01,Q,Salud,146.154
2020-05-01,R,Artes y recreación,12.647
2020-05-01,S,Otros servicios,126.886
2020-05-01,T,Hogares,0.676
2020-05-01,U,Organizaciones extraterritoriales,0.111
2020-05-01,V,Sin clasificar,0.006
2020-05-01,W,Sin clasificar,0.202
2020-05-01,X,Sin clasificar,0.028
2020-06-01,9,Sin clasificar,0.013
2020-06-01,A,Agricultura y pesca,1592.419
2020-06-01,B,Minas y canteras,278.853
2020-06-01,C,Manufactura,2249.903
2020-06-01,D,Electricidad y gas,257.444
2020-06-01,E,Agua y saneamiento,68.811
2020-06-01,F,Construcción,254.667
2020-06-01,G,Comercio,6337.122
2020-06-01,H,Transporte y almacenamiento,967.834
2020-06-01,I,Alojamiento y comidas,151.419
2020-06-01,J,Información y comunicación,360.131
2020-06-01,K,Actividades financieras,356.101
2020-06-01,L,Actividades inmobiliarias,264.917
2020-06-01,M,Actividades profesionales,654.153
2020-06-01,N,Servicios administrativos,189.099
2020-06-01,O,Administración pública,52.143
2020-06-01,P,Enseñanza,169.716
2020-06-01,Q,Salud,446.588
2020-06-01,R,Artes y recreación,23.597
2020-06-01,S,Otros servicios,225.177
2020-06-01,T,Hogares,1.627
2020-06-01,U,Organizaciones extraterritoriales,0.244
2020-06-01,V,Sin clasificar,0.123
2020-06-01,W,Sin clasificar,0.678
2020-06-01,X,Sin clasificar,0.073
2020-07-01,9,Sin clasificar,0.18
2020-07-01,A,Agricultura y pesca,924.764
2020-07-01,B,Minas y canteras,344.937
2020-07-01,C,Manufactura,2106.908
2020-07-01,D,Electricidad y gas,239.919
2020-07-01,E,Agua y saneamiento,68.515
2020-07-01,F,Construcción,271.648
2020-07-01,G,Comercio,5887.158
2020-07-01,H,Transporte y almacenamiento,435.322
2020-07-01,I,Alojamiento y comidas,116.295
2020-07-01,J,Información y comunicación,352.282
2020-07-01,K,Actividades financieras,403.478
2020-07-01,L,Actividades inmobiliarias,185.041
2020-07-01,M,Actividades profesionales,454.437
2020-07-01,N,Servicios administrativos,183.612
2020-07-01,O,Administración pública,51.919
2020-07-01,P,Enseñanza,99.176
2020-07-01,Q,Salud,227.655
2020-07-01,R,Artes y recreación,15.117
2020-07-01,S,Otros servicios,170.442
2020-07-01,T,Hogares,0.8
2020-07-01,U,Organizaciones extraterritoriales,0.14
2020-07-01,V,Sin clasificar,0.002
2020-07-01,W,Sin clasificar,0.196
2020-07-01,X,Sin clasificar,0.024
2020-08-01,9,Sin clasificar,0.193
2020-08-01,A,Agricultura y pesca,887.983
2020-08-01,B,Minas y canteras,411.084
2020-08-01,C,Manufactura,2061.833
2020-08-01,D,Electricidad y gas,239.575
2020-08-01,E,Agua y saneamiento,74.919
2020-08-01,F,Construcción,316.974
2020-08-01,G,Comercio,5886.156
2020-08-01,H,Transporte y almacenamiento,424.29
2020-08-01,I,Alojamiento y comidas,131.708
2020-08-01,J,Información y comunicación,358.894
2020-08-01,K,Actividades financieras,402.658
2020-08-01,L,Actividades inmobiliarias,187.441
2020-08-01,M,Actividades profesionales,460.461
2020-08-01,N,Servicios administrativos,184.625
2020-08-01,O,Administración pública,59.571
2020-08-01,P,Enseñanza,151.257
2020-08-01,Q,Salud,247.754
2020-08-01,R,Artes y recreación,16.46
2020-08-01,S,Otros servicios,149.03
2020-08-01,T,Hogares,0.757
2020-08-01,U,Organizaciones extraterritoriales,0.16
2020-08-01,V,Sin clasificar,0.0
2020-08-01,W,Sin clasificar,0.256
2020-08-01,X,Sin clasificar,0.03
2020-09-01,9,Sin clasificar,0.095
2020-09-01,A,Agricultura y pesca,940.604
2020-09-01,B,Minas y canteras,431.738
2020-09-01,C,Manufactura,2208.109
2020-09-01,D,Electricidad y gas,175.112
2020-09-01,E,Agua y saneamiento,70.802
2020-09-01,F,Construcción,324.078
2020-09-01,G,Comercio,6312.473
2020-09-01,H,Transporte y almacenamiento,481.103
2020-09-01,I,Alojamiento y comidas,139.926
2020-09-01,J,Información y comunicación,364.845
2020-09-01,K,Actividades financieras,394.504
2020-09-01,L,Actividades inmobiliarias,201.11
2020-09-01,M,Actividades profesionales,510.139
2020-09-01,N,Servicios administrativos,186.144
2020-09-01,O,Administración pública,57.428
2020-09-01,P,Enseñanza,237.732
2020-09-01,Q,Salud,300.009
2020-09-01,R,Artes y recreación,22.694
2020-09-01,S,Otros servicios,164.325
2020-09-01,T,Hogares,0.722
2020-09-01,U,Organizaciones extraterritoriales,0.266
2020-09-01,V,Sin clasificar,0.0
2020-09-01,W,Sin clasificar,0.231
2020-09-01,X,Sin clasificar,0.037
2020-10-01,9,Sin clasificar,0.146
2020-10-01,A,Agricultura y pesca,1054.076
2020-10-01,B,Minas y canteras,449.656
2020-10-01,C,Manufactura,2363.422
2020-10-01,D,Electricidad y gas,233.526
2020-10-01,E,Agua y saneamiento,76.628
2020-10-01,F,Construcción,313.974
2020-10-01,G,Comercio,6505.74
2020-10-01,H,Transporte y almacenamiento,528.689
2020-10-01,I,Alojamiento y comidas,150.51
2020-10-01,J,Información y comunicación,370.806
2020-10-01,K,Actividades financieras,413.069
2020-10-01,L,Actividades inmobiliarias,219.99
2020-10-01,M,Actividades profesionales,552.176
2020-10-01,N,Servicios administrativos,212.036
2020-10-01,O,Administración pública,61.06
2020-10-01,P,Enseñanza,206.255
2020-10-01,Q,Salud,278.595
2020-10-01,R,Artes y recreación,18.317
2020-10-01,S,Otros servicios,191.473
2020-10-01,T,Hogares,0.731
2020-10-01,U,Organizaciones extraterritoriales,0.132
2020-10-01,V,Sin clasificar,0.01
2020-10-01,W,Sin clasificar,0.207
2020-10-01,X,Sin clasificar,0.026
2020-11-01,9,Sin clasificar,0.077
2020-11-01,A,Agricultura y pesca,1038.047
2020-11-01,B,Minas y canteras,466.676
2020-11-01,C,Manufactura,2301.734
2020-11-01,D,Electricidad y gas,253.643
2020-11-01,E,Agua y saneamiento,79.082
2020-11-01,F,Construcción,350.612
2020-11-01,G,Comercio,6583.563
2020-11-01,H,Transporte y almacenamiento,518.606
2020-11-01,I,Alojamiento y comidas,166.152
2020-11-01,J,Información y comunicación,376.499
2020-11-01,K,Actividades financieras,401.223
2020-11-01,L,Actividades inmobiliarias,229.749
2020-11-01,M,Actividades profesionales,565.292
2020-11-01,N,Servicios administrativos,212.078
2020-11-01,O,Administración pública,54.385
2020-11-01,P,Enseñanza,136.383
2020-11-01,Q,Salud,289.809
2020-11-01,R,Artes y recreación,17.307
2020-11-01,S,Otros servicios,174.433
2020-11-01,T,Hogares,0.699
2020-11-01,U,Organizaciones extraterritoriales,0.173
2020-11-01,V,Sin clasificar,0.02
2020-11-01,W,Sin clasificar,0.211
2020-11-01,X,Sin clasificar,0.026
2020-12-01,9,Sin clasificar,0.084
2020-12-01,A,Agricultura y pesca,1864.159
2020-12-01,B,Minas y canteras,294.937
2020-12-01,C,Manufactura,2985.6
2020-12-01,D,Electricidad y gas,256.052
2020-12-01,E,Agua y saneamiento,87.475
2020-12-01,F,Construcción,737.241
2020-12-01,G,Comercio,9086.011
2020-12-01,H,Transporte y almacenamiento,1330.843
2020-12-01,I,Alojamiento y comidas,293.096
2020-12-01,J,Información y comunicación,507.866
2020-12-01,K,Actividades financieras,471.809
2020-12-01,L,Actividades inmobiliarias,422.285
2020-12-01,M,Actividades profesionales,1367.425
2020-12-01,N,Servicios administrativos,404.507
2020-12-01,O,Administración pública,64.487
2020-12-01,P,Enseñanza,228.735
2020-12-01,Q,Salud,731.411
2020-12-01,R,Artes y recreación,47.627
2020-12-01,S,Otros servicios,394.202
2020-12-01,T,Hogares,2.7
2020-12-01,U,Organizaciones extraterritoriales,0.433
2020-12-01,V,Sin clasificar,0.113
2020-12-01,W,Sin clasificar,1.048
2020-12-01,X,Sin clasificar,0.113
2021-01-01,9,Sin clasificar,0.042
2021-01-01,A,Agricultura y pesca,1002.647
2021-01-01,B,Minas y canteras,308.02
2021-01-01,C,Manufactura,2081.417
2021-01-01,D,Electricidad y gas,259.292
2021-01-01,E,Agua y saneamiento,78.846
2021-01-01,F,Construcción,220.181
2021-01-01,G,Comercio,6045.612
2021-01-01,H,Transporte y almacenamiento,505.974
2021-01-01,I,Alojamiento y comidas,143.576
2021-01-01,J,Información y comunicación,326.341
2021-01-01,K,Actividades financieras,409.541
2021-01-01,L,Actividades inmobiliarias,192.481
2021-01-01,M,Actividades profesionales,406.536
2021-01-01,N,Servicios administrativos,156.748
2021-01-01,O,Administración pública,62.245
2021-01-01,P,Enseñanza,123.289
2021-01-01,Q,Salud,250.418
2021-01-01,R,Artes y recreación,23.771
2021-01-01,S,Otros servicios,165.905
2021-01-01,T,Hogares,0.667
2021-01-01,U,Organizaciones extraterritoriales,0.094
2021-01-01,V,Sin clasificar,0.01
2021-01-01,W,Sin clasificar,0.168
2021-01-01,X,Sin clasificar,0.026
2021-02-01,9,Sin clasificar,0.057
2021-02-01,A,Agricultura y pesca,1068.839
2021-02-01,B,Minas y canteras,495.442
2021-02-01,C,Manufactura,2075.798
2021-02-01,D,Electricidad y gas,245.662
2021-02-01,E,Agua y saneamiento,69.646
2021-02-01,F,Construcción,251.806
2021-02-01,G,Comercio,6000.863
2021-02-01,H,Transporte y almacenamiento,517.907
2021-02-01,I,Alojamiento y comidas,142.442
2021-02-01,J,Información y comunicación,348.305
2021-02-01,K,Actividades financieras,407.402
2021-02-01,L,Actividades inmobiliarias,198.623
2021-02-01,M,Actividades profesionales,443.309
2021-02-01,N,Servicios administrativos,156.822
2021-02-01,O,Administración pública,61.871
2021-02-01,P,Enseñanza,154.472
2021-02-01,Q,Salud,285.065
2021-02-01,R,Artes y recreación,20.906
2021-02-01,S,Otros servicios,156.045
2021-02-01,T,Hogares,0.509
2021-02-01,U,Organizaciones extraterritoriales,0.11
2021-02-01,V,Sin clasificar,0.012
2021-02-01,W,Sin clasificar,0.171
2021-02-01,X,Sin clasificar,0.023
2021-03-01,9,Sin clasificar,0.063
2021-03-01,A,Agricultura y pesca,1230.013
2021-03-01,B,Minas y canteras,481.649
2021-03-01,C,Manufactura,2463.693
2021-03-01,D,Electricidad y gas,244.189
2021-03-01,E,Agua y saneamiento,73.704
2021-03-01,F,Construcción,342.862
2021-03-01,G,Comercio,6956.355
2021-03-01,H,Transporte y almacenamiento,593.525
2021-03-01,I,Alojamiento y comidas,170.547
2021-03-01,J,Información y comunicación,375.892
2021-03-01,K,Actividades financieras,411.267
2021-03-01,L,Actividades inmobiliarias,220.644
2021-03-01,M,Actividades profesionales,547.59
2021-03-01,N,Servicios administrativos,206.971
2021-03-01,O,Administración pública,62.942
2021-03-01,P,Enseñanza,256.735
2021-03-01,Q,Salud,364.277
2021-03-01,R,Artes y recreación,24.33
2021-03-01,S,Otros servicios,186.436
2021-03-01,T,Hogares,0.631
2021-03-01,U,Organizaciones extraterritoriales,0.207
2021-03-01,V,Sin clasificar,0.022
2021-03-01,W,Sin clasificar,0.219
2021-03-01,X,Sin clasificar,0.019
2021-04-01,9,Sin clasificar,0.039
2021-04-01,A,Agricultura y pesca,1250.857
2021-04-01,B,Minas y canteras,724.823
2021-04-01,C,Manufactura,2330.968
2021-04-01,D,Electricidad y gas,292.627
2021-04-01,E,Agua y saneamiento,75.16
2021-04-01,F,Construcción,312.294
2021-04-01,G,Comercio,6617.364
2021-04-01,H,Transporte y almacenamiento,561.545
2021-04-01,I,Alojamiento y comidas,147.979
2021-04-01,J,Información y comunicación,376.93
2021-04-01,K,Actividades financieras,408.795
2021-04-01,L,Actividades inmobiliarias,210.723
2021-04-01,M,Actividades profesionales,575.129
2021-04-01,N,Servicios administrativos,185.481
2021-04-01,O,Administración pública,61.569
2021-04-01,P,Enseñanza,187.587
2021-04-01,Q,Salud,307.842
2021-04-01,R,Artes y recreación,22.309
2021-04-01,S,Otros servicios,185.008
2021-04-01,T,Hogares,0.634
2021-04-01,U,Organizaciones extraterritoriales,0.176
2021-04-01,V,Sin clasificar,0.003
2021-04-01,W,Sin clasificar,0.193
2021-04-01,X,Sin clasificar,0.022
2021-05-01,9,Sin clasificar,0.166
2021-05-01,A,Agricultura y pesca,1293.287
2021-05-01,B,Minas y canteras,464.777
2021-05-01,C,Manufactura,2418.544
2021-05-01,D,Electricidad y gas,261.121
2021-05-01,E,Agua y saneamiento,75.609
2021-05-01,F,Construcción,298.522
2021-05-01,G,Comercio,7027.539
2021-05-01,H,Transporte y almacenamiento,609.887
2021-05-01,I,Alojamiento y comidas,149.645
2021-05-01,J,Información y comunicación,377.026
2021-05-01,K,Actividades financieras,408.292
2021-05-01,L,Actividades inmobiliarias,216.914
2021-05-01,M,Actividades profesionales,542.886
2021-05-01,N,Servicios administrativos,208.753
2021-05-01,O,Administración pública,59.829
2021-05-01,P,Enseñanza,157.637
2021-05-01,Q,Salud,359.753
2021-05-01,R,Artes y recreación,20.913
2021-05-01,S,Otros servicios,186.928
2021-05-01,T,Hogares,0.621
2021-05-01,U,Organizaciones extraterritoriales,0.235
2021-05-01,V,Sin clasificar,0.018
2021-05-01,W,Sin clasificar,0.238
2021-05-01,X,Sin clasificar,0.023
2021-06-01,9,Sin clasificar,0.141
2021-06-01,A,Agricultura y pesca,1943.256
2021-06-01,B,Minas y canteras,558.513
2021-06-01,C,Manufactura,3019.995
2021-06-01,D,Electricidad y gas,263.654
2021-06-01,E,Agua y saneamiento,83.217
2021-06-01,F,Construcción,421.658
2021-06-01,G,Comercio,8758.412
2021-06-01,H,Transporte y almacenamiento,1264.139
2021-06-01,I,Alojamiento y comidas,298.186
2021-06-01,J,Información y comunicación,430.469
2021-06-01,K,Actividades financieras,411.115
2021-06-01,L,Actividades inmobiliarias,336.104
2021-06-01,M,Actividades profesionales,1026.195
2021-06-01,N,Servicios administrativos,293.786
2021-06-01,O,Administración pública,58.967
2021-06-01,P,Enseñanza,217.236
2021-06-01,Q,Salud,727.971
2021-06-01,R,Artes y recreación,39.074
2021-06-01,S,Otros servicios,366.911
2021-06-01,T,Hogares,2.812
2021-06-01,U,Organizaciones extraterritoriales,0.33
2021-06-01,V,Sin clasificar,0.101
2021-06-01,W,Sin clasificar,0.75
2021-06-01,X,Sin clasificar,0.119
2021-07-01,9,Sin clasificar,0.141
2021-07-01,A,Agricultura y pesca,1204.808
2021-07-01,B,Minas y canteras,517.545
2021-07-01,C,Manufactura,2528.731
2021-07-01,D,Electricidad y gas,246.273
2021-07-01,E,Agua y saneamiento,77.497
2021-07-01,F,Construcción,349.771
2021-07-01,G,Comercio,7207.732
2021-07-01,H,Transporte y almacenamiento,632.22
2021-07-01,I,Alojamiento y comidas,191.066
2021-07-01,J,Información y comunicación,365.711
2021-07-01,K,Actividades financieras,415.938
2021-07-01,L,Actividades inmobiliarias,231.062
2021-07-01,M,Actividades profesionales,552.847
2021-07-01,N,Servicios administrativos,229.297
2021-07-01,O,Administración pública,59.891
2021-07-01,P,Enseñanza,119.994
2021-07-01,Q,Salud,289.489
2021-07-01,R,Artes y recreación,20.751
2021-07-01,S,Otros servicios,195.327
2021-07-01,T,Hogares,0.648
2021-07-01,U,Organizaciones extraterritoriales,0.212
2021-07-01,V,Sin clasificar,0.009
2021-07-01,W,Sin clasificar,0.242
2021-07-01,X,Sin clasificar,0.024
2021-08-01,9,Sin clasificar,0.169
2021-08-01,A,Agricultura y pesca,1208.672
2021-08-01,B,Minas y canteras,534.93
2021-08-01,C,Manufactura,2612.608
2021-08-01,D,Electricidad y gas,261.815
2021-08-01,E,Agua y saneamiento,79.033
2021-08-01,F,Construcción,346.495
2021-08-01,G,Comercio,7627.175
2021-08-01,H,Transporte y almacenamiento,637.952
2021-08-01,I,Alojamiento y comidas,201.031
2021-08-01,J,Información y comunicación,376.674
2021-08-01,K,Actividades financieras,425.814
2021-08-01,L,Actividades inmobiliarias,224.965
2021-08-01,M,Actividades profesionales,553.543
2021-08-01,N,Servicios administrativos,265.356
2021-08-01,O,Administración pública,72.777
2021-08-01,P,Enseñanza,186.648
2021-08-01,Q,Salud,260.32
2021-08-01,R,Artes y recreación,27.43
2021-08-01,S,Otros servicios,185.258
2021-08-01,T,Hogares,0.786
2021-08-01,U,Organizaciones extraterritoriales,0.144
2021-08-01,V,Sin clasificar,0.025
2021-08-01,W,Sin clasificar,0.253
2021-08-01,X,Sin clasificar,0.02
2021-09-01,9,Sin clasificar,0.161
2021-09-01,A,Agricultura y pesca,1329.904
2021-09-01,B,Minas y canteras,574.094
2021-09-01,C,Manufactura,2739.977
2021-09-01,D,Electricidad y gas,262.288
2021-09-01,E,Agua y saneamiento,80.778
2021-09-01,F,Construcción,373.186
2021-09-01,G,Comercio,7680.31
2021-09-01,H,Transporte y almacenamiento,634.469
2021-09-01,I,Alojamiento y comidas,186.41
2021-09-01,J,Información y comunicación,376.885
2021-09-01,K,Actividades financieras,448.004
2021-09-01,L,Actividades inmobiliarias,242.786
2021-09-01,M,Actividades profesionales,581.511
2021-09-01,N,Servicios administrativos,246.958
2021-09-01,O,Administración pública,57.878
2021-09-01,P,Enseñanza,273.47
2021-09-01,Q,Salud,276.393
2021-09-01,R,Artes y recreación,28.379
2021-09-01,S,Otros servicios,193.593
2021-09-01,T,Hogares,0.715
2021-09-01,U,Organizaciones extraterritoriales,0.187
2021-09-01,V,Sin clasificar,0.017
2021-09-01,W,Sin clasificar,0.27
2021-09-01,X,Sin clasificar,0.047
2021-10-01,9,Sin clasificar,0.237
2021-10-01,A,Agricultura y pesca,1387.546
2021-10-01,B,Minas y canteras,475.593
2021-10-01,C,Manufactura,2768.678
2021-10-01,D,Electricidad y gas,278.415
2021-10-01,E,Agua y saneamiento,78.748
2021-10-01,F,Construcción,393.092
2021-10-01,G,Comercio,7899.781
2021-10-01,H,Transporte y almacenamiento,641.862
2021-10-01,I,Alojamiento y comidas,207.753
2021-10-01,J,Información y comunicación,378.596
2021-10-01,K,Actividades financieras,452.228
2021-10-01,L,Actividades inmobiliarias,243.189
2021-10-01,M,Actividades profesionales,593.753
2021-10-01,N,Servicios administrativos,267.378
2021-10-01,O,Administración pública,59.944
2021-10-01,P,Enseñanza,192.805
2021-10-01,Q,Salud,276.69
2021-10-01,R,Artes y recreación,27.885
2021-10-01,S,Otros servicios,206.531
2021-10-01,T,Hogares,0.671
2021-10-01,U,Organizaciones extraterritoriales,0.174
2021-10-01,V,Sin clasificar,0.035
2021-10-01,W,Sin clasificar,0.238
2021-10-01,X,Sin clasificar,0.029
2021-11-01,9,Sin clasificar,0.226
2021-11-01,A,Agricultura y pesca,1382.506
2021-11-01,B,Minas y canteras,600.326
2021-11-01,C,Manufactura,2827.224
2021-11-01,D,Electricidad y gas,265.066
2021-11-01,E,Agua y saneamiento,81.733
2021-11-01,F,Construcción,432.845
2021-11-01,G,Comercio,8343.818
2021-11-01,H,Transporte y almacenamiento,686.897
2021-11-01,I,Alojamiento y comidas,217.863
2021-11-01,J,Información y comunicación,380.315
2021-11-01,K,Actividades financieras,453.82
2021-11-01,L,Actividades inmobiliarias,255.892
2021-11-01,M,Actividades profesionales,620.301
2021-11-01,N,Servicios administrativos,378.615
2021-11-01,O,Administración pública,62.912
2021-11-01,P,Enseñanza,154.158
2021-11-01,Q,Salud,273.313
2021-11-01,R,Artes y recreación,29.029
2021-11-01,S,Otros servicios,199.791
2021-11-01,T,Hogares,0.768
2021-11-01,U,Organizaciones extraterritoriales,0.127
2021-11-01,V,Sin clasificar,0.058
2021-11-01,W,Sin clasificar,0.248
2021-11-01,X,Sin clasificar,0.035
2021-12-01,9,Sin clasificar,0.211
2021-12-01,A,Agricultura y pesca,2265.746
2021-12-01,B,Minas y canteras,760.859
2021-12-01,C,Manufactura,3599.703
2021-12-01,D,Electricidad y gas,286.593
2021-12-01,E,Agua y saneamiento,107.871
2021-12-01,F,Construcción,917.452
2021-12-01,G,Comercio,10643.431
2021-12-01,H,Transporte y almacenamiento,1742.064
2021-12-01,I,Alojamiento y comidas,404.561
2021-12-01,J,Información y comunicación,520.902
2021-12-01,K,Actividades financieras,565.427
2021-12-01,L,Actividades inmobiliarias,474.677
2021-12-01,M,Actividades profesionales,1563.239
2021-12-01,N,Servicios administrativos,447.804
2021-12-01,O,Administración pública,76.078
2021-12-01,P,Enseñanza,259.269
2021-12-01,Q,Salud,923.335
2021-12-01,R,Artes y recreación,62.879
2021-12-01,S,Otros servicios,489.46
2021-12-01,T,Hogares,3.351
2021-12-01,U,Organizaciones extraterritoriales,0.339
2021-12-01,V,Sin clasificar,0.341
2021-12-01,W,Sin clasificar,1.419
2021-12-01,X,Sin clasificar,0.213
2022-01-01,9,Sin clasificar,0.013
2022-01-01,A,Agricultura y pesca,1319.903
2022-01-01,B,Minas y canteras,294.531
2022-01-01,C,Manufactura,2511.969
2022-01-01,D,Electricidad y gas,276.999
2022-01-01,E,Agua y saneamiento,77.288
2022-01-01,F,Construcción,243.609
2022-01-01,G,Comercio,7358.093
2022-01-01,H,Transporte y almacenamiento,614.211
2022-01-01,I,Alojamiento y comidas,163.599
2022-01-01,J,Información y comunicación,323.632
2022-01-01,K,Actividades financieras,472.238
2022-01-01,L,Actividades inmobiliarias,211.696
2022-01-01,M,Actividades profesionales,486.529
2022-01-01,N,Servicios administrativos,221.782
2022-01-01,O,Administración pública,67.77
2022-01-01,P,Enseñanza,136.951
2022-01-01,Q,Salud,277.06
2022-01-01,R,Artes y recreación,25.785
2022-01-01,S,Otros servicios,179.765
2022-01-01,T,Hogares,0.597
2022-01-01,U,Organizaciones extraterritoriales,0.198
2022-01-01,V,Sin clasificar,0.075
2022-01-01,W,Sin clasificar,0.19
2022-01-01,X,Sin clasificar,0.053
2022-02-01,9,Sin clasificar,0.124
2022-02-01,A,Agricultura y pesca,1334.532
2022-02-01,B,Minas y canteras,457.123
2022-02-01,C,Manufactura,2579.563
2022-02-01,D,Electricidad y gas,298.852
2022-02-01,E,Agua y saneamiento,83.613
2022-02-01,F,Construcción,291.929
2022-02-01,G,Comercio,7120.806
2022-02-01,H,Transporte y almacenamiento,648.554
2022-02-01,I,Alojamiento y comidas,190.118
2022-02-01,J,Información y comunicación,341.358
2022-02-01,K,Actividades financieras,489.123
2022-02-01,L,Actividades inmobiliarias,210.862
2022-02-01,M,Actividades profesionales,491.404
2022-02-01,N,Servicios administrativos,252.259
2022-02-01,O,Administración pública,64.592
2022-02-01,P,Enseñanza,165.088
2022-02-01,Q,Salud,349.447
2022-02-01,R,Artes y recreación,27.683
2022-02-01,S,Otros servicios,169.054
2022-02-01,T,Hogares,0.58
2022-02-01,U,Organizaciones extraterritoriales,0.143
2022-02-01,V,Sin clasificar,0.059
2022-02-01,W,Sin clasificar,0.214
2022-02-01,X,Sin clasificar,0.062
2022-03-01,9,Sin clasificar,0.025
2022-03-01,A,Agricultura y pesca,1393.841
2022-03-01,B,Minas y canteras,701.968
2022-03-01,C,Manufactura,2921.899
2022-03-01,D,Electricidad y gas,265.63
2022-03-01,E,Agua y saneamiento,75.978
2022-03-01,F,Construcción,380.356
2022-03-01,G,Comercio,8341.226
2022-03-01,H,Transporte y almacenamiento,700.01
2022-03-01,I,Alojamiento y comidas,199.235
2022-03-01,J,Información y comunicación,371.563
2022-03-01,K,Actividades financieras,487.672
2022-03-01,L,Actividades inmobiliarias,241.443
2022-03-01,M,Actividades profesionales,583.069
2022-03-01,N,Servicios administrativos,260.941
2022-03-01,O,Administración pública,82.624
2022-03-01,P,Enseñanza,259.246
2022-03-01,Q,Salud,318.266
2022-03-01,R,Artes y recreación,34.942
2022-03-01,S,Otros servicios,186.636
2022-03-01,T,Hogares,0.642
2022-03-01,U,Organizaciones extraterritoriales,0.176
2022-03-01,V,Sin clasificar,0.078
2022-03-01,W,Sin clasificar,0.309
2022-03-01,X,Sin clasificar,0.066
2022-04-01,9,Sin clasificar,0.009
2022-04-01,A,Agricultura y pesca,1338.038
2022-04-01,B,Minas y canteras,756.71
2022-04-01,C,Manufactura,2858.686
2022-04-01,D,Electricidad y gas,293.331
2022-04-01,E,Agua y saneamiento,84.926
2022-04-01,F,Construcción,386.373
2022-04-01,G,Comercio,8661.704
2022-04-01,H,Transporte y almacenamiento,730.001
2022-04-01,I,Alojamiento y comidas,220.666
2022-04-01,J,Información y comunicación,357.501
2022-04-01,K,Actividades financieras,484.54
2022-04-01,L,Actividades inmobiliarias,237.969
2022-04-01,M,Actividades profesionales,621.889
2022-04-01,N,Servicios administrativos,247.333
2022-04-01,O,Administración pública,72.719
2022-04-01,P,Enseñanza,211.055
2022-04-01,Q,Salud,300.574
2022-04-01,R,Artes y recreación,29.044
2022-04-01,S,Otros servicios,184.54
2022-04-01,T,Hogares,0.656
2022-04-01,U,Organizaciones extraterritoriales,0.106
2022-04-01,V,Sin clasificar,0.088
2022-04-01,W,Sin clasificar,0.309
2022-04-01,X,Sin clasificar,0.121
2022-05-01,9,Sin clasificar,0.054
2022-05-01,A,Agricultura y pesca,1343.523
2022-05-01,B,Minas y canteras,501.396
2022-05-01,C,Manufactura,3010.75
2022-05-01,D,Electricidad y gas,287.932
2022-05-01,E,Agua y saneamiento,80.895
2022-05-01,F,Construcción,345.745
2022-05-01,G,Comercio,8661.077
2022-05-01,H,Transporte y almacenamiento,729.134
2022-05-01,I,Alojamiento y comidas,211.243
2022-05-01,J,Información y comunicación,363.987
2022-05-01,K,Actividades financieras,481.008
2022-05-01,L,Actividades inmobiliarias,244.969
2022-05-01,M,Actividades profesionales,593.985
2022-05-01,N,Servicios administrativos,253.287
2022-05-01,O,Administración pública,86.924
2022-05-01,P,Enseñanza,178.36
2022-05-01,Q,Salud,278.043
2022-05-01,R,Artes y recreación,31.485
2022-05-01,S,Otros servicios,188.391
2022-05-01,T,Hogares,0.61
2022-05-01,U,Organizaciones extraterritoriales,0.115
2022-05-01,V,Sin clasificar,0.101
2022-05-01,W,Sin clasificar,0.357
2022-05-01,X,Sin clasificar,0.09
2022-06-01,9,Sin clasificar,0.315
2022-06-01,A,Agricultura y pesca,2202.111
2022-06-01,B,Minas y canteras,819.89
2022-06-01,C,Manufactura,3207.119
2022-06-01,D,Electricidad y gas,277.233
2022-06-01,E,Agua y saneamiento,88.904
2022-06-01,F,Construcción,560.525
2022-06-01,G,Comercio,9653.773
2022-06-01,H,Transporte y almacenamiento,1577.876
2022-06-01,I,Alojamiento y comidas,410.596
2022-06-01,J,Información y comunicación,438.19
2022-06-01,K,Actividades financieras,478.17
2022-06-01,L,Actividades inmobiliarias,368.907
2022-06-01,M,Actividades profesionales,1155.477
2022-06-01,N,Servicios administrativos,389.131
2022-06-01,O,Administración pública,69.825
2022-06-01,P,Enseñanza,268.351
2022-06-01,Q,Salud,748.202
2022-06-01,R,Artes y recreación,68.932
2022-06-01,S,Otros servicios,455.968
2022-06-01,T,Hogares,2.854
2022-06-01,U,Organizaciones extraterritoriales,0.225
2022-06-01,V,Sin clasificar,0.482
2022-06-01,W,Sin clasificar,1.193
2022-06-01,X,Sin clasificar,0.153
2022-07-01,9,Sin clasificar,0.017
2022-07-01,A,Agricultura y pesca,1385.437
2022-07-01,B,Minas y canteras,518.172
2022-07-01,C,Manufactura,2975.443
2022-07-01,D,Electricidad y gas,265.864
2022-07-01,E,Agua y saneamiento,81.758
2022-07-01,F,Construcción,410.573
2022-07-01,G,Comercio,8662.353
2022-07-01,H,Transporte y almacenamiento,696.241
2022-07-01,I,Alojamiento y comidas,218.441
2022-07-01,J,Información y comunicación,372.332
2022-07-01,K,Actividades financieras,481.807
2022-07-01,L,Actividades inmobiliarias,253.022
2022-07-01,M,Actividades profesionales,576.763
2022-07-01,N,Servicios administrativos,274.126
2022-07-01,O,Administración pública,75.247
2022-07-01,P,Enseñanza,120.377
2022-07-01,Q,Salud,312.434
2022-07-01,R,Artes y recreación,29.789
2022-07-01,S,Otros servicios,191.45
2022-07-01,T,Hogares,0.57
2022-07-01,U,Organizaciones extraterritoriales,0.111
2022-07-01,V,Sin clasificar,0.11
2022-07-01,W,Sin clasificar,0.278
2022-07-01,X,Sin clasificar,0.083
2022-08-01,9,Sin clasificar,0.049
2022-08-01,A,Agricultura y pesca,1417.292
2022-08-01,B,Minas y canteras,645.48
2022-08-01,C,Manufactura,3093.688
2022-08-01,D,Electricidad y gas,281.98
2022-08-01,E,Agua y saneamiento,82.413
2022-08-01,F,Construcción,484.079
2022-08-01,G,Comercio,9052.334
2022-08-01,H,Transporte y almacenamiento,779.885
2022-08-01,I,Alojamiento y comidas,230.012
2022-08-01,J,Información y comunicación,376.037
2022-08-01,K,Actividades financieras,502.94
2022-08-01,L,Actividades inmobiliarias,242.799
2022-08-01,M,Actividades profesionales,604.804
2022-08-01,N,Servicios administrativos,281.099
2022-08-01,O,Administración pública,68.535
2022-08-01,P,Enseñanza,199.279
2022-08-01,Q,Salud,294.858
2022-08-01,R,Artes y recreación,37.415
2022-08-01,S,Otros servicios,184.095
2022-08-01,T,Hogares,0.613
2022-08-01,U,Organizaciones extraterritoriales,0.171
2022-08-01,V,Sin clasificar,0.107
2022-08-01,W,Sin clasificar,0.291
2022-08-01,X,Sin clasificar,0.082
2022-09-01,9,Sin clasificar,0.037
2022-09-01,A,Agricultura y pesca,1346.018
2022-09-01,B,Minas y canteras,688.935
2022-09-01,C,Manufactura,2998.883
2022-09-01,D,Electricidad y gas,277.207
2022-09-01,E,Agua y saneamiento,85.518
2022-09-01,F,Construcción,440.189
2022-09-01,G,Comercio,8550.052
2022-09-01,H,Transporte y almacenamiento,795.831
2022-09-01,I,Alojamiento y comidas,207.698
2022-09-01,J,Información y comunicación,398.282
2022-09-01,K,Actividades financieras,543.562
2022-09-01,L,Actividades inmobiliarias,243.715
2022-09-01,M,Actividades profesionales,638.436
2022-09-01,N,Servicios administrativos,263.513
2022-09-01,O,Administración pública,70.893
2022-09-01,P,Enseñanza,291.665
2022-09-01,Q,Salud,299.619
2022-09-01,R,Artes y recreación,32.694
2022-09-01,S,Otros servicios,182.526
2022-09-01,T,Hogares,0.594
2022-09-01,U,Organizaciones extraterritoriales,0.135
2022-09-01,V,Sin clasificar,0.104
2022-09-01,W,Sin clasificar,0.271
2022-09-01,X,Sin clasificar,0.09
2022-10-01,9,Sin clasificar,0.051
2022-10-01,A,Agricultura y pesca,1418.719
2022-10-01,B,Minas y canteras,586.033
2022-10-01,C,Manufactura,2940.72
2022-10-01,D,Electricidad y gas,281.883
2022-10-01,E,Agua y saneamiento,80.542
2022-10-01,F,Construcción,488.883
2022-10-01,G,Comercio,8444.854
2022-10-01,H,Transporte y almacenamiento,764.858
2022-10-01,I,Alojamiento y comidas,230.492
2022-10-01,J,Información y comunicación,372.445
2022-10-01,K,Actividades financieras,519.085
2022-10-01,L,Actividades inmobiliarias,250.664
2022-10-01,M,Actividades profesionales,652.757
2022-10-01,N,Servicios administrativos,265.841
2022-10-01,O,Administración pública,69.497
2022-10-01,P,Enseñanza,229.637
2022-10-01,Q,Salud,317.244
2022-10-01,R,Artes y recreación,34.4
2022-10-01,S,Otros servicios,187.527
2022-10-01,T,Hogares,0.538
2022-10-01,U,Organizaciones extraterritoriales,0.149
2022-10-01,V,Sin clasificar,0.099
2022-10-01,W,Sin clasificar,0.28
2022-10-01,X,Sin clasificar,0.103
2022-11-01,9,Sin clasificar,0.04
2022-11-01,A,Agricultura y pesca,1373.057
2022-11-01,B,Minas y canteras,665.532
2022-11-01,C,Manufactura,2955.474
2022-11-01,D,Electricidad y gas,282.833
2022-11-01,E,Agua y saneamiento,82.386
2022-11-01,F,Construcción,504.522
2022-11-01,G,Comercio,8661.114
2022-11-01,H,Transporte y almacenamiento,773.455
2022-11-01,I,Alojamiento y comidas,209.263
2022-11-01,J,Información y comunicación,399.928
2022-11-01,K,Actividades financieras,511.422
2022-11-01,L,Actividades inmobiliarias,269.739
2022-11-01,M,Actividades profesionales,677.208
2022-11-01,N,Servicios administrativos,373.764
2022-11-01,O,Administración pública,70.869
2022-11-01,P,Enseñanza,162.409
2022-11-01,Q,Salud,351.313
2022-11-01,R,Artes y recreación,34.275
2022-11-01,S,Otros servicios,178.907
2022-11-01,T,Hogares,0.497
2022-11-01,U,Organizaciones extraterritoriales,0.289
2022-11-01,V,Sin clasificar,0.079
2022-11-01,W,Sin clasificar,0.33
2022-11-01,X,Sin clasificar,0.095
2022-12-01,9,Sin clasificar,0.056
2022-12-01,A,Agricultura y pesca,2699.854
2022-12-01,B,Minas y canteras,749.301
2022-12-01,C,Manufactura,3833.593
2022-12-01,D,Electricidad y gas,319.397
2022-12-01,E,Agua y saneamiento,108.385
2022-12-01,F,Construcción,1071.222
2022-12-01,G,Comercio,12381.827
2022-12-01,H,Transporte y almacenamiento,1979.027
2022-12-01,I,Alojamiento y comidas,525.037
2022-12-01,J,Información y comunicación,614.105
2022-12-01,K,Actividades financieras,637.661
2022-12-01,L,Actividades inmobiliarias,506.689
2022-12-01,M,Actividades profesionales,1879.52
2022-12-01,N,Servicios administrativos,616.393
2022-12-01,O,Administración pública,77.695
2022-12-01,P,Enseñanza,306.703
2022-12-01,Q,Salud,981.953
2022-12-01,R,Artes y recreación,110.382
2022-12-01,S,Otros servicios,585.106
2022-12-01,T,Hogares,2.995
2022-12-01,U,Organizaciones extraterritoriales,0.322
2022-12-01,V,Sin clasificar,1.089
2022-12-01,W,Sin clasificar,1.71
2022-12-01,X,Sin clasificar,0.434
2023-01-01,9,Sin clasificar,0.016
2023-01-01,A,Agricultura y pesca,1432.158
2023-01-01,B,Minas y canteras,456.793
2023-01-01,C,Manufactura,2662.884
2023-01-01,D,Electricidad y gas,311.928
2023-01-01,E,Agua y saneamiento,78.427
2023-01-01,F,Construcción,309.623
2023-01-01,G,Comercio,7940.201
2023-01-01,H,Transporte y almacenamiento,832.12
2023-01-01,I,Alojamiento y comidas,202.848
2023-01-01,J,Información y comunicación,361.996
2023-01-01,K,Actividades financieras,501.229
2023-01-01,L,Actividades inmobiliarias,217.632
2023-01-01,M,Actividades profesionales,534.41
2023-01-01,N,Servicios administrativos,242.761
2023-01-01,O,Administración pública,87.127
2023-01-01,P,Enseñanza,161.069
2023-01-01,Q,Salud,265.506
2023-01-01,R,Artes y recreación,38.838
2023-01-01,S,Otros servicios,175.879
2023-01-01,T,Hogares,0.449
2023-01-01,U,Organizaciones extraterritoriales,0.259
2023-01-01,V,Sin clasificar,0.106
2023-01-01,W,Sin clasificar,0.269
2023-01-01,X,Sin clasificar,0.029
2023-02-01,9,Sin clasificar,0.021
2023-02-01,A,Agricultura y pesca,1398.65
2023-02-01,B,Minas y canteras,639.961
2023-02-01,C,Manufactura,2531.471
2023-02-01,D,Electricidad y gas,351.49
2023-02-01,E,Agua y saneamiento,82.328
2023-02-01,F,Construcción,339.722
2023-02-01,G,Comercio,7357.566
2023-02-01,H,Transporte y almacenamiento,800.558
2023-02-01,I,Alojamiento y comidas,208.519
2023-02-01,J,Información y comunicación,352.062
2023-02-01,K,Actividades financieras,456.285
2023-02-01,L,Actividades inmobiliarias,211.137
2023-02-01,M,Actividades profesionales,573.213
2023-02-01,N,Servicios administrativos,262.564
2023-02-01,O,Administración pública,68.299
2023-02-01,P,Enseñanza,175.733
2023-02-01,Q,Salud,343.4
2023-02-01,R,Artes y recreación,30.461
2023-02-01,S,Otros servicios,149.747
2023-02-01,T,Hogares,0.455
2023-02-01,U,Organizaciones extraterritoriales,0.101
2023-02-01,V,Sin clasificar,0.119
2023-02-01,W,Sin clasificar,0.289
2023-02-01,X,Sin clasificar,0.026
2023-03-01,9,Sin clasificar,0.007
2023-03-01,A,Agricultura y pesca,1526.816
2023-03-01,B,Minas y canteras,847.808
2023-03-01,C,Manufactura,2979.252
2023-03-01,D,Electricidad y gas,322.873
2023-03-01,E,Agua y saneamiento,79.902
2023-03-01,F,Construcción,420.474
2023-03-01,G,Comercio,8374.642
2023-03-01,H,Transporte y almacenamiento,859.098
2023-03-01,I,Alojamiento y comidas,230.506
2023-03-01,J,Información y comunicación,400.021
2023-03-01,K,Actividades financieras,561.664
2023-03-01,L,Actividades inmobiliarias,241.932
2023-03-01,M,Actividades profesionales,674.257
2023-03-01,N,Servicios administrativos,301.83
2023-03-01,O,Administración pública,85.422
2023-03-01,P,Enseñanza,290.773
2023-03-01,Q,Salud,386.068
2023-03-01,R,Artes y recreación,38.025
2023-03-01,S,Otros servicios,172.481
2023-03-01,T,Hogares,0.581
2023-03-01,U,Organizaciones extraterritoriales,0.22
2023-03-01,V,Sin clasificar,0.127
2023-03-01,W,Sin clasificar,0.292
2023-03-01,X,Sin clasificar,0.039
2023-04-01,9,Sin clasificar,0.034
2023-04-01,A,Agricultura y pesca,1413.699
2023-04-01,B,Minas y canteras,603.137
2023-04-01,C,Manufactura,2666.304
2023-04-01,D,Electricidad y gas,311.277
2023-04-01,E,Agua y saneamiento,79.881
2023-04-01,F,Construcción,457.616
2023-04-01,G,Comercio,7952.261
2023-04-01,H,Transporte y almacenamiento,838.592
2023-04-01,I,Alojamiento y comidas,218.347
2023-04-01,J,Información y comunicación,384.491
2023-04-01,K,Actividades financieras,513.585
2023-04-01,L,Actividades inmobiliarias,225.261
2023-04-01,M,Actividades profesionales,680.081
2023-04-01,N,Servicios administrativos,299.481
2023-04-01,O,Administración pública,85.139
2023-04-01,P,Enseñanza,216.7
2023-04-01,Q,Salud,263.786
2023-04-01,R,Artes y recreación,31.101
2023-04-01,S,Otros servicios,168.906
2023-04-01,T,Hogares,0.46
2023-04-01,U,Organizaciones extraterritoriales,0.458
2023-04-01,V,Sin clasificar,0.123
2023-04-01,W,Sin clasificar,0.326
2023-04-01,X,Sin clasificar,0.03
2023-05-01,9,Sin clasificar,0.07
2023-05-01,A,Agricultura y pesca,1490.308
2023-05-01,B,Minas y canteras,762.955
2023-05-01,C,Manufactura,3061.375
2023-05-01,D,Electricidad y gas,314.253
2023-05-01,E,Agua y saneamiento,73.328
2023-05-01,F,Construcción,442.011
2023-05-01,G,Comercio,8388.495
2023-05-01,H,Transporte y almacenamiento,868.186
2023-05-01,I,Alojamiento y comidas,229.282
2023-05-01,J,Información y comunicación,399.978
2023-05-01,K,Actividades financieras,550.022
2023-05-01,L,Actividades inmobiliarias,242.534
2023-05-01,M,Actividades profesionales,660.292
2023-05-01,N,Servicios administrativos,299.325
2023-05-01,O,Administración pública,89.059
2023-05-01,P,Enseñanza,188.786
2023-05-01,Q,Salud,355.482
2023-05-01,R,Artes y recreación,39.526
2023-05-01,S,Otros servicios,164.924
2023-05-01,T,Hogares,0.535
2023-05-01,U,Organizaciones extraterritoriales,0.171
2023-05-01,V,Sin clasificar,0.181
2023-05-01,W,Sin clasificar,0.385
2023-05-01,X,Sin clasificar,0.031
2023-06-01,9,Sin clasificar,0.035
2023-06-01,A,Agricultura y pesca,2561.579
2023-06-01,B,Minas y canteras,716.619
2023-06-01,C,Manufactura,3588.914
2023-06-01,D,Electricidad y gas,351.859
2023-06-01,E,Agua y saneamiento,95.639
2023-06-01,F,Construcción,670.244
2023-06-01,G,Comercio,11163.596
2023-06-01,H,Transporte y almacenamiento,1929.362
2023-06-01,I,Alojamiento y comidas,526.702
2023-06-01,J,Información y comunicación,490.515
2023-06-01,K,Actividades financieras,533.715
2023-06-01,L,Actividades inmobiliarias,413.414
2023-06-01,M,Actividades profesionales,1369.727
2023-06-01,N,Servicios administrativos,545.87
2023-06-01,O,Administración pública,100.476
2023-06-01,P,Enseñanza,311.826
2023-06-01,Q,Salud,800.443
2023-06-01,R,Artes y recreación,90.993
2023-06-01,S,Otros servicios,548.445
2023-06-01,T,Hogares,3.371
2023-06-01,U,Organizaciones extraterritoriales,0.417
2023-06-01,V,Sin clasificar,1.077
2023-06-01,W,Sin clasificar,1.754
2023-06-01,X,Sin clasificar,0.46
2023-07-01,9,Sin clasificar,0.117
2023-07-01,A,Agricultura y pesca,1317.083
2023-07-01,B,Minas y canteras,732.495
2023-07-01,C,Manufactura,2721.974
2023-07-01,D,Electricidad y gas,322.927
2023-07-01,E,Agua y saneamiento,84.782
2023-07-01,F,Construcción,401.178
2023-07-01,G,Comercio,7964.418
2023-07-01,H,Transporte y almacenamiento,828.968
2023-07-01,I,Alojamiento y comidas,242.625
2023-07-01,J,Información y comunicación,395.387
2023-07-01,K,Actividades financieras,526.332
2023-07-01,L,Actividades inmobiliarias,239.765
2023-07-01,M,Actividades profesionales,621.935
2023-07-01,N,Servicios administrativos,313.704
2023-07-01,O,Administración pública,113.531
2023-07-01,P,Enseñanza,136.24
2023-07-01,Q,Salud,363.141
2023-07-01,R,Artes y recreación,36.472
2023-07-01,S,Otros servicios,181.119
2023-07-01,T,Hogares,0.475
2023-07-01,U,Organizaciones extraterritoriales,0.439
2023-07-01,V,Sin clasificar,0.182
2023-07-01,W,Sin clasificar,0.415
2023-07-01,X,Sin clasificar,0.031
2023-08-01,9,Sin clasificar,0.018
2023-08-01,A,Agricultura y pesca,1428.096
2023-08-01,B,Minas y canteras,739.206
2023-08-01,C,Manufactura,2936.267
2023-08-01,D,Electricidad y gas,309.596
2023-08-01,E,Agua y saneamiento,86.429
2023-08-01,F,Construcción,441.169
2023-08-01,G,Comercio,8476.476
2023-08-01,H,Transporte y almacenamiento,898.704
2023-08-01,I,Alojamiento y comidas,229.285
2023-08-01,J,Información y comunicación,383.021
2023-08-01,K,Actividades financieras,504.798
2023-08-01,L,Actividades inmobiliarias,236.86
2023-08-01,M,Actividades profesionales,616.332
2023-08-01,N,Servicios administrativos,314.603
2023-08-01,O,Administración pública,75.368
2023-08-01,P,Enseñanza,214.177
2023-08-01,Q,Salud,373.652
2023-08-01,R,Artes y recreación,34.577
2023-08-01,S,Otros servicios,171.379
2023-08-01,T,Hogares,0.485
2023-08-01,U,Organizaciones extraterritoriales,0.106
2023-08-01,V,Sin clasificar,0.162
2023-08-01,W,Sin clasificar,0.385
2023-08-01,X,Sin clasificar,0.025
2023-09-01,9,Sin clasificar,0.006
2023-09-01,A,Agricultura y pesca,1411.322
2023-09-01,B,Minas y canteras,715.124
2023-09-01,C,Manufactura,2812.095
2023-09-01,D,Electricidad y gas,317.737
2023-09-01,E,Agua y saneamiento,83.061
2023-09-01,F,Construcción,459.885
2023-09-01,G,Comercio,8503.711
2023-09-01,H,Transporte y almacenamiento,822.333
2023-09-01,I,Alojamiento y comidas,220.434
2023-09-01,J,Información y comunicación,382.4
2023-09-01,K,Actividades financieras,604.99
2023-09-01,L,Actividades inmobiliarias,241.748
2023-09-01,M,Actividades profesionales,653.553
2023-09-01,N,Servicios administrativos,291.505
2023-09-01,O,Administración pública,70.635
2023-09-01,P,Enseñanza,291.318
2023-09-01,Q,Salud,309.009
2023-09-01,R,Artes y recreación,55.147
2023-09-01,S,Otros servicios,172.208
2023-09-01,T,Hogares,0.402
2023-09-01,U,Organizaciones extraterritoriales,0.36
2023-09-01,V,Sin clasificar,0.129
2023-09-01,W,Sin clasificar,0.394
2023-09-01,X,Sin clasificar,0.035
2023-10-01,9,Sin clasificar,0.164
2023-10-01,A,Agricultura y pesca,1421.933
2023-10-01,B,Minas y canteras,679.225
2023-10-01,C,Manufactura,2916.558
2023-10-01,D,Electricidad y gas,385.44
2023-10-01,E,Agua y saneamiento,87.085
2023-10-01,F,Construcción,431.436
2023-10-01,G,Comercio,8427.526
2023-10-01,H,Transporte y almacenamiento,833.727
2023-10-01,I,Alojamiento y comidas,228.983
2023-10-01,J,Información y comunicación,395.25
2023-10-01,K,Actividades financieras,534.676
2023-10-01,L,Actividades inmobiliarias,241.885
2023-10-01,M,Actividades profesionales,665.426
2023-10-01,N,Servicios administrativos,296.068
2023-10-01,O,Administración pública,69.411
2023-10-01,P,Enseñanza,244.582
2023-10-01,Q,Salud,366.81
2023-10-01,R,Artes y recreación,33.049
2023-10-01,S,Otros servicios,176.708
2023-10-01,T,Hogares,0.527
2023-10-01,U,Organizaciones extraterritoriales,0.155
2023-10-01,V,Sin clasificar,0.15
2023-10-01,W,Sin clasificar,0.442
2023-10-01,X,Sin clasificar,0.029
2023-11-01,9,Sin clasificar,0.149
2023-11-01,A,Agricultura y pesca,1415.834
2023-11-01,B,Minas y canteras,756.638
2023-11-01,C,Manufactura,2886.514
2023-11-01,D,Electricidad y gas,381.433
2023-11-01,E,Agua y saneamiento,86.338
2023-11-01,F,Construcción,453.364
2023-11-01,G,Comercio,8537.151
2023-11-01,H,Transporte y almacenamiento,921.216
2023-11-01,I,Alojamiento y comidas,236.203
2023-11-01,J,Información y comunicación,389.745
2023-11-01,K,Actividades financieras,508.94
2023-11-01,L,Actividades inmobiliarias,244.512
2023-11-01,M,Actividades profesionales,729.233
2023-11-01,N,Servicios administrativos,389.354
2023-11-01,O,Administración pública,86.208
2023-11-01,P,Enseñanza,175.565
2023-11-01,Q,Salud,433.935
2023-11-01,R,Artes y recreación,37.867
2023-11-01,S,Otros servicios,170.776
2023-11-01,T,Hogares,0.432
2023-11-01,U,Organizaciones extraterritoriales,0.304
2023-11-01,V,Sin clasificar,0.183
2023-11-01,W,Sin clasificar,0.429
2023-11-01,X,Sin clasificar,0.033
2023-12-01,9,Sin clasificar,0.026
2023-12-01,A,Agricultura y pesca,3085.563
2023-12-01,B,Minas y canteras,684.576
2023-12-01,C,Manufactura,3846.758
2023-12-01,D,Electricidad y gas,397.787
2023-12-01,E,Agua y saneamiento,115.256
2023-12-01,F,Construcción,1152.169
2023-12-01,G,Comercio,13188.943
2023-12-01,H,Transporte y almacenamiento,2298.537
2023-12-01,I,Alojamiento y comidas,638.724
2023-12-01,J,Información y comunicación,617.816
2023-12-01,K,Actividades financieras,602.551
2023-12-01,L,Actividades inmobiliarias,537.011
2023-12-01,M,Actividades profesionales,2001.034
2023-12-01,N,Servicios administrativos,747.638
2023-12-01,O,Administración pública,93.53
2023-12-01,P,Enseñanza,323.842
2023-12-01,Q,Salud,967.903
2023-12-01,R,Artes y recreación,133.884
2023-12-01,S,Otros servicios,701.493
2023-12-01,T,Hogares,4.482
2023-12-01,U,Organizaciones extraterritoriales,0.377
2023-12-01,V,Sin clasificar,1.866
2023-12-01,W,Sin clasificar,2.718
2023-12-01,X,Sin clasificar,0.425
2024-01-01,9,Sin clasificar,0.159
2024-01-01,A,Agricultura y pesca,1517.151
2024-01-01,B,Minas y canteras,430.183
2024-01-01,C,Manufactura,2521.718
2024-01-01,D,Electricidad y gas,367.72
2024-01-01,E,Agua y saneamiento,83.641
2024-01-01,F,Construcción,318.333
2024-01-01,G,Comercio,7790.725
2024-01-01,H,Transporte y almacenamiento,808.007
2024-01-01,I,Alojamiento y comidas,206.408
2024-01-01,J,Información y comunicación,367.068
2024-01-01,K,Actividades financieras,530.021
2024-01-01,L,Actividades inmobiliarias,229.85
2024-01-01,M,Actividades profesionales,573.896
2024-01-01,N,Servicios administrativos,280.798
2024-01-01,O,Administración pública,91.947
2024-01-01,P,Enseñanza,173.622
2024-01-01,Q,Salud,229.754
2024-01-01,R,Artes y recreación,35.742
2024-01-01,S,Otros servicios,183.702
2024-01-01,T,Hogares,0.715
2024-01-01,U,Organizaciones extraterritoriales,0.184
2024-01-01,V,Sin clasificar,0.232
2024-01-01,W,Sin clasificar,0.554
2024-01-01,X,Sin clasificar,0.089
2024-02-01,9,Sin clasificar,0.149
2024-02-01,A,Agricultura y pesca,1447.249
2024-02-01,B,Minas y canteras,691.144
2024-02-01,C,Manufactura,2507.755
2024-02-01,D,Electricidad y gas,360.126
2024-02-01,E,Agua y saneamiento,87.657
2024-02-01,F,Construcción,388.484
2024-02-01,G,Comercio,7667.668
2024-02-01,H,Transporte y almacenamiento,854.051
2024-02-01,I,Alojamiento y comidas,224.713
2024-02-01,J,Información y comunicación,355.295
2024-02-01,K,Actividades financieras,487.949
2024-02-01,L,Actividades inmobiliarias,231.592
2024-02-01,M,Actividades profesionales,600.772
2024-02-01,N,Servicios administrativos,304.385
2024-02-01,O,Administración pública,77.105
2024-02-01,P,Enseñanza,211.499
2024-02-01,Q,Salud,237.076
2024-02-01,R,Artes y recreación,37.614
2024-02-01,S,Otros servicios,170.741
2024-02-01,T,Hogares,0.766
2024-02-01,U,Organizaciones extraterritoriales,0.113
2024-02-01,V,Sin clasificar,0.256
2024-02-01,W,Sin clasificar,0.603
2024-02-01,X,Sin clasificar,0.081
2024-03-01,9,Sin clasificar,0.163
2024-03-01,A,Agricultura y pesca,1469.339
2024-03-01,B,Minas y canteras,838.666
2024-03-01,C,Manufactura,2884.137
2024-03-01,D,Electricidad y gas,353.326
2024-03-01,E,Agua y saneamiento,89.046
2024-03-01,F,Construcción,532.805
2024-03-01,G,Comercio,8858.48
2024-03-01,H,Transporte y almacenamiento,854.601
2024-03-01,I,Alojamiento y comidas,258.477
2024-03-01,J,Información y comunicación,390.126
2024-03-01,K,Actividades financieras,566.202
2024-03-01,L,Actividades inmobiliarias,256.173
2024-03-01,M,Actividades profesionales,788.199
2024-03-01,N,Servicios administrativos,343.157
2024-03-01,O,Administración pública,99.657
2024-03-01,P,Enseñanza,275.66
2024-03-01,Q,Salud,265.878
2024-03-01,R,Artes y recreación,41.387
2024-03-01,S,Otros servicios,196.37
2024-03-01,T,Hogares,0.794
2024-03-01,U,Organizaciones extraterritoriales,0.231
2024-03-01,V,Sin clasificar,0.298
2024-03-01,W,Sin clasificar,0.568
2024-03-01,X,Sin clasificar,0.071
2024-04-01,9,Sin clasificar,0.052
2024-04-01,A,Agricultura y pesca,1639.535
2024-04-01,B,Minas y canteras,714.993
2024-04-01,C,Manufactura,2747.648
2024-04-01,D,Electricidad y gas,380.41
2024-04-01,E,Agua y saneamiento,84.223
2024-04-01,F,Construcción,338.29
2024-04-01,G,Comercio,8597.565
2024-04-01,H,Transporte y almacenamiento,875.736
2024-04-01,I,Alojamiento y comidas,238.231
2024-04-01,J,Información y comunicación,379.223
2024-04-01,K,Actividades financieras,542.608
2024-04-01,L,Actividades inmobiliarias,255.076
2024-04-01,M,Actividades profesionales,667.306
2024-04-01,N,Servicios administrativos,313.798
2024-04-01,O,Administración pública,87.348
2024-04-01,P,Enseñanza,241.75
2024-04-01,Q,Salud,305.621
2024-04-01,R,Artes y recreación,37.311
2024-04-01,S,Otros servicios,182.18
2024-04-01,T,Hogares,0.764
2024-04-01,U,Organizaciones extraterritoriales,0.176
2024-04-01,V,Sin clasificar,0.236
2024-04-01,W,Sin clasificar,0.544
2024-04-01,X,Sin clasificar,0.09
2024-05-01,9,Sin clasificar,0.018
2024-05-01,A,Agricultura y pesca,1712.046
2024-05-01,B,Minas y canteras,784.462
2024-05-01,C,Manufactura,2909.833
2024-05-01,D,Electricidad y gas,354.744
2024-05-01,E,Agua y saneamiento,91.542
2024-05-01,F,Construcción,435.981
2024-05-01,G,Comercio,8771.67
2024-05-01,H,Transporte y almacenamiento,877.639
2024-05-01,I,Alojamiento y comidas,244.914
2024-05-01,J,Información y comunicación,390.41
2024-05-01,K,Actividades financieras,531.437
2024-05-01,L,Actividades inmobiliarias,240.548
2024-05-01,M,Actividades profesionales,686.256
2024-05-01,N,Servicios administrativos,343.077
2024-05-01,O,Administración pública,103.758
2024-05-01,P,Enseñanza,203.871
2024-05-01,Q,Salud,284.294
2024-05-01,R,Artes y recreación,39.845
2024-05-01,S,Otros servicios,188.687
2024-05-01,T,Hogares,0.727
2024-05-01,U,Organizaciones extraterritoriales,0.159
2024-05-01,V,Sin clasificar,0.311
2024-05-01,W,Sin clasificar,0.59
2024-05-01,X,Sin clasificar,0.091
2024-06-01,9,Sin clasificar,0.008
2024-06-01,A,Agricultura y pesca,2800.631
2024-06-01,B,Minas y canteras,783.649
2024-06-01,C,Manufactura,3263.79
2024-06-01,D,Electricidad y gas,320.718
2024-06-01,E,Agua y saneamiento,121.359
2024-06-01,F,Construcción,545.764
2024-06-01,G,Comercio,10448.923
2024-06-01,H,Transporte y almacenamiento,1789.635
2024-06-01,I,Alojamiento y comidas,478.97
2024-06-01,J,Información y comunicación,459.863
2024-06-01,K,Actividades financieras,529.083
2024-06-01,L,Actividades inmobiliarias,326.59
2024-06-01,M,Actividades profesionales,1047.766
2024-06-01,N,Servicios administrativos,473.602
2024-06-01,O,Administración pública,80.576
2024-06-01,P,Enseñanza,292.71
2024-06-01,Q,Salud,797.882
2024-06-01,R,Artes y recreación,77.087
2024-06-01,S,Otros servicios,471.193
2024-06-01,T,Hogares,2.411
2024-06-01,U,Organizaciones extraterritoriales,0.449
2024-06-01,V,Sin clasificar,0.697
2024-06-01,W,Sin clasificar,1.144
2024-06-01,X,Sin clasificar,0.105
2024-07-01,9,Sin clasificar,0.015
2024-07-01,A,Agricultura y pesca,1542.749
2024-07-01,B,Minas y canteras,639.473
2024-07-01,C,Manufactura,2817.559
2024-07-01,D,Electricidad y gas,323.87
2024-07-01,E,Agua y saneamiento,91.415
2024-07-01,F,Construcción,433.172
2024-07-01,G,Comercio,8779.923
2024-07-01,H,Transporte y almacenamiento,879.904
2024-07-01,I,Alojamiento y comidas,244.183
2024-07-01,J,Información y comunicación,389.527
2024-07-01,K,Actividades financieras,601.163
2024-07-01,L,Actividades inmobiliarias,251.848
2024-07-01,M,Actividades profesionales,763.6
2024-07-01,N,Servicios administrativos,356.947
2024-07-01,O,Administración pública,86.873
2024-07-01,P,Enseñanza,164.111
2024-07-01,Q,Salud,329.72
2024-07-01,R,Artes y recreación,41.507
2024-07-01,S,Otros servicios,200.102
2024-07-01,T,Hogares,0.853
2024-07-01,U,Organizaciones extraterritoriales,0.3
2024-07-01,V,Sin clasificar,0.277
2024-07-01,W,Sin clasificar,0.648
2024-07-01,X,Sin clasificar,0.07
2024-08-01,9,Sin clasificar,0.099
2024-08-01,A,Agricultura y pesca,1550.114
2024-08-01,B,Minas y canteras,709.668
2024-08-01,C,Manufactura,2811.783
2024-08-01,D,Electricidad y gas,358.776
2024-08-01,E,Agua y saneamiento,91.436
2024-08-01,F,Construcción,440.065
2024-08-01,G,Comercio,8993.81
2024-08-01,H,Transporte y almacenamiento,895.354
2024-08-01,I,Alojamiento y comidas,252.047
2024-08-01,J,Información y comunicación,386.507
2024-08-01,K,Actividades financieras,567.338
2024-08-01,L,Actividades inmobiliarias,243.434
2024-08-01,M,Actividades profesionales,712.896
2024-08-01,N,Servicios administrativos,344.268
2024-08-01,O,Administración pública,92.628
2024-08-01,P,Enseñanza,229.194
2024-08-01,Q,Salud,341.878
2024-08-01,R,Artes y recreación,47.748
2024-08-01,S,Otros servicios,194.916
2024-08-01,T,Hogares,0.849
2024-08-01,U,Organizaciones extraterritoriales,0.297
2024-08-01,V,Sin clasificar,0.232
2024-08-01,W,Sin clasificar,0.617
2024-08-01,X,Sin clasificar,0.08
2024-09-01,9,Sin clasificar,0.028
2024-09-01,A,Agricultura y pesca,1508.663
2024-09-01,B,Minas y canteras,689.487
2024-09-01,C,Manufactura,2794.448
2024-09-01,D,Electricidad y gas,424.734
2024-09-01,E,Agua y saneamiento,95.086
2024-09-01,F,Construcción,467.64
2024-09-01,G,Comercio,8379.611
2024-09-01,H,Transporte y almacenamiento,830.01
2024-09-01,I,Alojamiento y comidas,234.54
2024-09-01,J,Información y comunicación,384.958
2024-09-01,K,Actividades financieras,596.473
2024-09-01,L,Actividades inmobiliarias,274.884
2024-09-01,M,Actividades profesionales,726.28
2024-09-01,N,Servicios administrativos,321.944
2024-09-01,O,Administración pública,77.094
2024-09-01,P,Enseñanza,310.737
2024-09-01,Q,Salud,350.151
2024-09-01,R,Artes y recreación,36.351
2024-09-01,S,Otros servicios,197.312
2024-09-01,T,Hogares,0.856
2024-09-01,U,Organizaciones extraterritoriales,0.159
2024-09-01,V,Sin clasificar,0.254
2024-09-01,W,Sin clasificar,0.69
2024-09-01,X,Sin clasificar,0.094
2024-10-01,9,Sin clasificar,0.074
2024-10-01,A,Agricultura y pesca,1785.662
2024-10-01,B,Minas y canteras,658.659
2024-10-01,C,Manufactura,2963.71
2024-10-01,D,Electricidad y gas,410.277
2024-10-01,E,Agua y saneamiento,92.452
2024-10-01,F,Construcción,479.164
2024-10-01,G,Comercio,9067.549
2024-10-01,H,Transporte y almacenamiento,900.105
2024-10-01,I,Alojamiento y comidas,249.415
2024-10-01,J,Información y comunicación,395.375
2024-10-01,K,Actividades financieras,584.012
2024-10-01,L,Actividades inmobiliarias,250.188
2024-10-01,M,Actividades profesionales,786.851
2024-10-01,N,Servicios administrativos,337.202
2024-10-01,O,Administración pública,96.646
2024-10-01,P,Enseñanza,247.637
2024-10-01,Q,Salud,313.524
2024-10-01,R,Artes y recreación,50.476
2024-10-01,S,Otros servicios,207.322
2024-10-01,T,Hogares,0.786
2024-10-01,U,Organizaciones extraterritoriales,0.223
2024-10-01,V,Sin clasificar,0.28
2024-10-01,W,Sin clasificar,0.61
2024-10-01,X,Sin clasificar,0.077
2024-11-01,9,Sin clasificar,0.022
2024-11-01,A,Agricultura y pesca,1769.716
2024-11-01,B,Minas y canteras,565.289
2024-11-01,C,Manufactura,2950.454
2024-11-01,D,Electricidad y gas,315.821
2024-11-01,E,Agua y saneamiento,93.045
2024-11-01,F,Construcción,551.327
2024-11-01,G,Comercio,9239.989
2024-11-01,H,Transporte y almacenamiento,910.322
2024-11-01,I,Alojamiento y comidas,255.027
2024-11-01,J,Información y comunicación,415.132
2024-11-01,K,Actividades financieras,553.571
2024-11-01,L,Actividades inmobiliarias,277.453
2024-11-01,M,Actividades profesionales,816.747
2024-11-01,N,Servicios administrativos,387.774
2024-11-01,O,Administración pública,77.92
2024-11-01,P,Enseñanza,198.89
2024-11-01,Q,Salud,360.418
2024-11-01,R,Artes y recreación,46.456
2024-11-01,S,Otros servicios,213.757
2024-11-01,T,Hogares,0.76
2024-11-01,U,Organizaciones extraterritoriales,0.172
2024-11-01,V,Sin clasificar,0.226
2024-11-01,W,Sin clasificar,0.783
2024-11-01,X,Sin clasificar,0.056
2024-12-01,9,Sin clasificar,0.129
2024-12-01,A,Agricultura y pesca,3963.207
2024-12-01,B,Minas y canteras,813.647
2024-12-01,C,Manufactura,3839.653
2024-12-01,D,Electricidad y gas,342.836
2024-12-01,E,Agua y saneamiento,125.178
2024-12-01,F,Construcción,1023.174
2024-12-01,G,Comercio,13363.749
2024-12-01,H,Transporte y almacenamiento,2210.472
2024-12-01,I,Alojamiento y comidas,581.896
2024-12-01,J,Información y comunicación,555.085
2024-12-01,K,Actividades financieras,668.496
2024-12-01,L,Actividades inmobiliarias,470.397
2024-12-01,M,Actividades profesionales,1621.25
2024-12-01,N,Servicios administrativos,735.728
2024-12-01,O,Administración pública,91.821
2024-12-01,P,Enseñanza,321.388
2024-12-01,Q,Salud,962.568
2024-12-01,R,Artes y recreación,123.213
2024-12-01,S,Otros servicios,642.615
2024-12-01,T,Hogares,2.837
2024-12-01,U,Organizaciones extraterritoriales,0.358
2024-12-01,V,Sin clasificar,1.115
2024-12-01,W,Sin clasificar,2.117
2024-12-01,X,Sin clasificar,0.159
2025-01-01,9,Sin clasificar,0.037
2025-01-01,A,Agricultura y pesca,1868.631
2025-01-01,B,Minas y canteras,569.361
2025-01-01,C,Manufactura,2804.4
2025-01-01,D,Electricidad y gas,369.885
2025-01-01,E,Agua y saneamiento,89.202
2025-01-01,F,Construcción,320.91
2025-01-01,G,Comercio,8968.511
2025-01-01,H,Transporte y almacenamiento,885.332
2025-01-01,I,Alojamiento y comidas,257.614
2025-01-01,J,Información y comunicación,361.219
2025-01-01,K,Actividades financieras,565.185
2025-01-01,L,Actividades inmobiliarias,244.51
2025-01-01,M,Actividades profesionales,633.887
2025-01-01,N,Servicios administrativos,304.344
2025-01-01,O,Administración pública,106.671
2025-01-01,P,Enseñanza,187.019
2025-01-01,Q,Salud,316.604
2025-01-01,R,Artes y recreación,45.835
2025-01-01,S,Otros servicios,226.373
2025-01-01,T,Hogares,0.733
2025-01-01,U,Organizaciones extraterritoriales,0.107
2025-01-01,V,Sin clasificar,0.207
2025-01-01,W,Sin clasificar,0.704
2025-01-01,X,Sin clasificar,0.078
2025-02-01,9,Sin clasificar,0.196
2025-02-01,A,Agricultura y pesca,1756.397
2025-02-01,B,Minas y canteras,454.185
2025-02-01,C,Manufactura,2843.451
2025-02-01,D,Electricidad y gas,369.174
2025-02-01,E,Agua y saneamiento,100.598
2025-02-01,F,Construcción,400.411
2025-02-01,G,Comercio,8627.12
2025-02-01,H,Transporte y almacenamiento,905.734
2025-02-01,I,Alojamiento y comidas,254.754
2025-02-01,J,Información y comunicación,366.958
2025-02-01,K,Actividades financieras,566.55
2025-02-01,L,Actividades inmobiliarias,234.618
2025-02-01,M,Actividades profesionales,680.667
2025-02-01,N,Servicios administrativos,347.095
2025-02-01,O,Administración pública,101.354
2025-02-01,P,Enseñanza,213.451
2025-02-01,Q,Salud,378.823
2025-02-01,R,Artes y recreación,51.534
2025-02-01,S,Otros servicios,231.146
2025-02-01,T,Hogares,0.814
2025-02-01,U,Organizaciones extraterritoriales,0.122
2025-02-01,V,Sin clasificar,0.289
2025-02-01,W,Sin clasificar,0.64
2025-02-01,X,Sin clasificar,0.079
2025-03-01,9,Sin clasificar,0.106
2025-03-01,A,Agricultura y pesca,1791.622
2025-03-01,B,Minas y canteras,908.768
2025-03-01,C,Manufactura,2918.905
2025-03-01,D,Electricidad y gas,333.225
2025-03-01,E,Agua y saneamiento,90.11
2025-03-01,F,Construcción,427.419
2025-03-01,G,Comercio,8903.87
2025-03-01,H,Transporte y almacenamiento,865.863
2025-03-01,I,Alojamiento y comidas,283.413
2025-03-01,J,Información y comunicación,380.452
2025-03-01,K,Actividades financieras,564.706
2025-03-01,L,Actividades inmobiliarias,243.879
2025-03-01,M,Actividades profesionales,713.888
2025-03-01,N,Servicios administrativos,356.418
2025-03-01,O,Administración pública,87.36
2025-03-01,P,Enseñanza,323.229
2025-03-01,Q,Salud,334.606
2025-03-01,R,Artes y recreación,49.065
2025-03-01,S,Otros servicios,243.537
2025-03-01,T,Hogares,0.898
2025-03-01,U,Organizaciones extraterritoriales,0.207
2025-03-01,V,Sin clasificar,0.285
2025-03-01,W,Sin clasificar,0.601
2025-03-01,X,Sin clasificar,0.1
2025-04-01,9,Sin clasificar,0.129
2025-04-01,A,Agricultura y pesca,1912.646
2025-04-01,B,Minas y canteras,756.105
2025-04-01,C,Manufactura,3105.731
2025-04-01,D,Electricidad y gas,345.677
2025-04-01,E,Agua y saneamiento,93.374
2025-04-01,F,Construcción,453.571
2025-04-01,G,Comercio,9191.327
2025-04-01,H,Transporte y almacenamiento,950.757
2025-04-01,I,Alojamiento y comidas,281.121
2025-04-01,J,Información y comunicación,396.842
2025-04-01,K,Actividades financieras,598.073
2025-04-01,L,Actividades inmobiliarias,242.494
2025-04-01,M,Actividades profesionales,799.045
2025-04-01,N,Servicios administrativos,366.28
2025-04-01,O,Administración pública,117.998
2025-04-01,P,Enseñanza,254.673
2025-04-01,Q,Salud,331.993
2025-04-01,R,Artes y recreación,49.678
2025-04-01,S,Otros servicios,240.177
2025-04-01,T,Hogares,0.948
2025-04-01,U,Organizaciones extraterritoriales,0.188
2025-04-01,V,Sin clasificar,0.386
2025-04-01,W,Sin clasificar,0.798
2025-04-01,X,Sin clasificar,0.095
2025-05-01,9,Sin clasificar,0.231
2025-05-01,A,Agricultura y pesca,1937.528
2025-05-01,B,Minas y canteras,812.683
2025-05-01,C,Manufactura,3194.111
2025-05-01,D,Electricidad y gas,383.699
2025-05-01,E,Agua y saneamiento,98.293
2025-05-01,F,Construcción,453.144
2025-05-01,G,Comercio,9354.068
2025-05-01,H,Transporte y almacenamiento,962.592
2025-05-01,I,Alojamiento y comidas,295.906
2025-05-01,J,Información y comunicación,410.452
2025-05-01,K,Actividades financieras,558.986
2025-05-01,L,Actividades inmobiliarias,269.009
2025-05-01,M,Actividades profesionales,774.005
2025-05-01,N,Servicios administrativos,372.614
2025-05-01,O,Administración pública,105.405
2025-05-01,P,Enseñanza,218.293
2025-05-01,Q,Salud,362.413
2025-05-01,R,Artes y recreación,49.991
2025-05-01,S,Otros servicios,251.157
2025-05-01,T,Hogares,0.908
2025-05-01,U,Organizaciones extraterritoriales,0.216
2025-05-01,V,Sin clasificar,0.368
2025-05-01,W,Sin clasificar,1.012
2025-05-01,X,Sin clasificar,0.046
2025-06-01,9,Sin clasificar,0.06
2025-06-01,A,Agricultura y pesca,3473.787
2025-06-01,B,Minas y canteras,777.679
2025-06-01,C,Manufactura,3390.315
2025-06-01,D,Electricidad y gas,367.051
2025-06-01,E,Agua y saneamiento,106.117
2025-06-01,F,Construcción,555.799
2025-06-01,G,Comercio,10780.604
2025-06-01,H,Transporte y almacenamiento,1943.565
2025-06-01,I,Alojamiento y comidas,429.711
2025-06-01,J,Información y comunicación,440.478
2025-06-01,K,Actividades financieras,642.689
2025-06-01,L,Actividades inmobiliarias,330.589
2025-06-01,M,Actividades profesionales,1019.734
2025-06-01,N,Servicios administrativos,453.286
2025-06-01,O,Administración pública,96.016
2025-06-01,P,Enseñanza,313.305
2025-06-01,Q,Salud,876.897
2025-06-01,R,Artes y recreación,74.421
2025-06-01,S,Otros servicios,409.431
2025-06-01,T,Hogares,2.855
2025-06-01,U,Organizaciones extraterritoriales,0.301
2025-06-01,V,Sin clasificar,0.598
2025-06-01,W,Sin clasificar,1.248
2025-06-01,X,Sin clasificar,0.1
2025-07-01,9,Sin clasificar,0.289
2025-07-01,A,Agricultura y pesca,1732.489
2025-07-01,B,Minas y canteras,792.011
2025-07-01,C,Manufactura,3182.913
2025-07-01,D,Electricidad y gas,380.825
2025-07-01,E,Agua y saneamiento,88.831
2025-07-01,F,Construcción,507.943
2025-07-01,G,Comercio,9453.365
2025-07-01,H,Transporte y almacenamiento,932.138
2025-07-01,I,Alojamiento y comidas,297.588
2025-07-01,J,Información y comunicación,398.448
2025-07-01,K,Actividades financieras,576.31
2025-07-01,L,Actividades inmobiliarias,272.231
2025-07-01,M,Actividades profesionales,783.416
2025-07-01,N,Servicios administrativos,391.855
2025-07-01,O,Administración pública,113.398
2025-07-01,P,Enseñanza,163.158
2025-07-01,Q,Salud,332.487
2025-07-01,R,Artes y recreación,54.477
2025-07-01,S,Otros servicios,264.143
2025-07-01,T,Hogares,0.971
2025-07-01,U,Organizaciones extraterritoriales,0.187
2025-07-01,V,Sin clasificar,0.284
2025-07-01,W,Sin clasificar,0.702
2025-07-01,X,Sin clasificar,0.08
2025-08-01,9,Sin clasificar,0.192
2025-08-01,A,Agricultura y pesca,1740.494
2025-08-01,B,Minas y canteras,523.934
2025-08-01,C,Manufactura,3111.82
2025-08-01,D,Electricidad y gas,371.666
2025-08-01,E,Agua y saneamiento,94.221
2025-08-01,F,Construcción,541.714
2025-08-01,G,Comercio,9248.413
2025-08-01,H,Transporte y almacenamiento,956.884
2025-08-01,I,Alojamiento y comidas,311.228
2025-08-01,J,Información y comunicación,402.916
2025-08-01,K,Actividades financieras,557.645
2025-08-01,L,Actividades inmobiliarias,262.366
2025-08-01,M,Actividades profesionales,770.015
2025-08-01,N,Servicios administrativos,398.019
2025-08-01,O,Administración pública,84.157
2025-08-01,P,Enseñanza,251.803
2025-08-01,Q,Salud,331.938
2025-08-01,R,Artes y recreación,50.051
2025-08-01,S,Otros servicios,259.83
2025-08-01,T,Hogares,0.98
2025-08-01,U,Organizaciones extraterritoriales,0.194
2025-08-01,V,Sin clasificar,0.314
2025-08-01,W,Sin clasificar,0.661
2025-08-01,X,Sin clasificar,0.052
2025-09-01,9,Sin clasificar,0.225
2025-09-01,A,Agricultura y pesca,1803.846
2025-09-01,B,Minas y canteras,838.368
2025-09-01,C,Manufactura,3183.475
2025-09-01,D,Electricidad y gas,424.715
2025-09-01,E,Agua y saneamiento,98.082
2025-09-01,F,Construcción,572.226
2025-09-01,G,Comercio,9963.48
2025-09-01,H,Transporte y almacenamiento,980.24
2025-09-01,I,Alojamiento y comidas,277.518
2025-09-01,J,Información y comunicación,410.632
2025-09-01,K,Actividades financieras,611.36
2025-09-01,L,Actividades inmobiliarias,276.477
2025-09-01,M,Actividades profesionales,819.62
2025-09-01,N,Servicios administrativos,374.781
2025-09-01,O,Administración pública,88.175
2025-09-01,P,Enseñanza,350.765
2025-09-01,Q,Salud,333.749
2025-09-01,R,Artes y recreación,59.447
2025-09-01,S,Otros servicios,268.261
2025-09-01,T,Hogares,0.982
2025-09-01,U,Organizaciones extraterritoriales,0.329
2025-09-01,V,Sin clasificar,0.336
2025-09-01,W,Sin clasificar,0.699
2025-09-01,X,Sin clasificar,0.06
2025-10-01,9,Sin clasificar,0.124
2025-10-01,A,Agricultura y pesca,1947.473
2025-10-01,B,Minas y canteras,797.686
2025-10-01,C,Manufactura,3335.908
2025-10-01,D,Electricidad y gas,413.595
2025-10-01,E,Agua y saneamiento,103.972
2025-10-01,F,Construcción,588.855
2025-10-01,G,Comercio,10294.306
2025-10-01,H,Transporte y almacenamiento,1023.324
2025-10-01,I,Alojamiento y comidas,291.522
2025-10-01,J,Información y comunicación,413.089
2025-10-01,K,Actividades financieras,617.195
2025-10-01,L,Actividades inmobiliarias,276.66
2025-10-01,M,Actividades profesionales,867.078
2025-10-01,N,Servicios administrativos,400.912
2025-10-01,O,Administración pública,112.993
2025-10-01,P,Enseñanza,281.693
2025-10-01,Q,Salud,347.457
2025-10-01,R,Artes y recreación,50.525
2025-10-01,S,Otros servicios,273.673
2025-10-01,T,Hogares,1.007
2025-10-01,U,Organizaciones extraterritoriales,0.254
2025-10-01,V,Sin clasificar,0.326
2025-10-01,W,Sin clasificar,0.722
2025-10-01,X,Sin clasificar,0.044
2025-11-01,9,Sin clasificar,0.089
2025-11-01,A,Agricultura y pesca,1879.816
2025-11-01,B,Minas y canteras,901.719
2025-11-01,C,Manufactura,3305.928
2025-11-01,D,Electricidad y gas,411.735
2025-11-01,E,Agua y saneamiento,98.009
2025-11-01,F,Construcción,642.801
2025-11-01,G,Comercio,10281.304
2025-11-01,H,Transporte y almacenamiento,1006.239
2025-11-01,I,Alojamiento y comidas,321.305
2025-11-01,J,Información y comunicación,431.81
2025-11-01,K,Actividades financieras,573.427
2025-11-01,L,Actividades inmobiliarias,297.137
2025-11-01,M,Actividades profesionales,1044.008
2025-11-01,N,Servicios administrativos,428.651
2025-11-01,O,Administración pública,94.869
2025-11-01,P,Enseñanza,203.81
2025-11-01,Q,Salud,323.441
2025-11-01,R,Artes y recreación,69.542
2025-11-01,S,Otros servicios,279.818
2025-11-01,T,Hogares,1.032
2025-11-01,U,Organizaciones extraterritoriales,0.235
2025-11-01,V,Sin clasificar,0.343
2025-11-01,W,Sin clasificar,0.904
2025-11-01,X,Sin clasificar,0.087
2025-12-01,9,Sin clasificar,0.122
2025-12-01,A,Agricultura y pesca,4239.193
2025-12-01,B,Minas y canteras,992.983
2025-12-01,C,Manufactura,4146.192
2025-12-01,D,Electricidad y gas,447.836
2025-12-01,E,Agua y saneamiento,121.259
2025-12-01,F,Construcción,1207.194
2025-12-01,G,Comercio,13896.885
2025-12-01,H,Transporte y almacenamiento,2509.513
2025-12-01,I,Alojamiento y comidas,561.711
2025-12-01,J,Información y comunicación,587.113
2025-12-01,K,Actividades financieras,687.518
2025-12-01,L,Actividades inmobiliarias,526.289
2025-12-01,M,Actividades profesionales,1686.259
2025-12-01,N,Servicios administrativos,763.486
2025-12-01,O,Administración pública,101.644
2025-12-01,P,Enseñanza,348.351
2025-12-01,Q,Salud,1195.474
2025-12-01,R,Artes y recreación,110.248
2025-12-01,S,Otros servicios,603.018
2025-12-01,T,Hogares,4.144
2025-12-01,U,Organizaciones extraterritoriales,0.399
2025-12-01,V,Sin clasificar,1.131
2025-12-01,W,Sin clasificar,2.258
2025-12-01,X,Sin clasificar,0.148
2026-01-01,9,Sin clasificar,0.042
2026-01-01,A,Agricultura y pesca,1853.485
2026-01-01,B,Minas y canteras,755.487
2026-01-01,C,Manufactura,3027.118
2026-01-01,D,Electricidad y gas,445.228
2026-01-01,E,Agua y saneamiento,89.763
2026-01-01,F,Construcción,379.981
2026-01-01,G,Comercio,9477.866
2026-01-01,H,Transporte y almacenamiento,975.804
2026-01-01,I,Alojamiento y comidas,295.231
2026-01-01,J,Información y comunicación,375.994
2026-01-01,K,Actividades financieras,585.611
2026-01-01,L,Actividades inmobiliarias,258.171
2026-01-01,M,Actividades profesionales,715.677
2026-01-01,N,Servicios administrativos,349.305
2026-01-01,O,Administración pública,108.302
2026-01-01,P,Enseñanza,204.642
2026-01-01,Q,Salud,389.511
2026-01-01,R,Artes y recreación,48.528
2026-01-01,S,Otros servicios,264.019
2026-01-01,T,Hogares,1.011
2026-01-01,U,Organizaciones extraterritoriales,0.198
2026-01-01,V,Sin clasificar,0.288
2026-01-01,W,Sin clasificar,0.735
2026-01-01,X,Sin clasificar,0.033
2026-02-01,9,Sin clasificar,0.159
2026-02-01,A,Agricultura y pesca,1766.456
2026-02-01,B,Minas y canteras,932.063
2026-02-01,C,Manufactura,2878.92
2026-02-01,D,Electricidad y gas,419.271
2026-02-01,E,Agua y saneamiento,102.643
2026-02-01,F,Construcción,467.976
2026-02-01,G,Comercio,8955.542
2026-02-01,H,Transporte y almacenamiento,988.982
2026-02-01,I,Alojamiento y comidas,294.63
2026-02-01,J,Información y comunicación,374.11
2026-02-01,K,Actividades financieras,584.869
2026-02-01,L,Actividades inmobiliarias,251.936
2026-02-01,M,Actividades profesionales,797.554
2026-02-01,N,Servicios administrativos,385.719
2026-02-01,O,Administración pública,147.207
2026-02-01,P,Enseñanza,211.831
2026-02-01,Q,Salud,392.8
2026-02-01,R,Artes y recreación,44.226
2026-02-01,S,Otros servicios,245.972
2026-02-01,T,Hogares,0.973
2026-02-01,U,Organizaciones extraterritoriales,0.149
2026-02-01,V,Sin clasificar,0.265
2026-02-01,W,Sin clasificar,0.614
2026-02-01,X,Sin clasificar,0.047
2026-03-01,9,Sin clasificar,0.069
2026-03-01,A,Agricultura y pesca,1932.485
2026-03-01,B,Minas y canteras,883.446
2026-03-01,C,Manufactura,3402.265
2026-03-01,D,Electricidad y gas,435.41
2026-03-01,E,Agua y saneamiento,107.234
2026-03-01,F,Construcción,546.869
2026-03-01,G,Comercio,10273.856
2026-03-01,H,Transporte y almacenamiento,1063.618
2026-03-01,I,Alojamiento y comidas,346.548
2026-03-01,J,Información y comunicación,428.011
2026-03-01,K,Actividades financieras,625.731
2026-03-01,L,Actividades inmobiliarias,288.977
2026-03-01,M,Actividades profesionales,926.005
2026-03-01,N,Servicios administrativos,434.212
2026-03-01,O,Administración pública,112.37
2026-03-01,P,Enseñanza,356.886
2026-03-01,Q,Salud,405.402
2026-03-01,R,Artes y recreación,54.773
2026-03-01,S,Otros servicios,297.882
2026-03-01,T,Hogares,1.057
2026-03-01,U,Organizaciones extraterritoriales,0.223
2026-03-01,V,Sin clasificar,0.327
2026-03-01,W,Sin clasificar,0.722
2026-03-01,X,Sin clasificar,0.042
2026-04-01,9,Sin clasificar,0.175
2026-04-01,A,Agricultura y pesca,1992.677
2026-04-01,B,Minas y canteras,970.954
2026-04-01,C,Manufactura,3425.18
2026-04-01,D,Electricidad y gas,459.194
2026-04-01,E,Agua y saneamiento,104.227
2026-04-01,F,Construcción,516.763
2026-04-01,G,Comercio,10692.22
2026-04-01,H,Transporte y almacenamiento,1087.858
2026-04-01,I,Alojamiento y comidas,323.181
2026-04-01,J,Información y comunicación,416.328
2026-04-01,K,Actividades financieras,607.419
2026-04-01,L,Actividades inmobiliarias,269.71
2026-04-01,M,Actividades profesionales,812.493
2026-04-01,N,Servicios administrativos,412.895
2026-04-01,O,Administración pública,109.679
2026-04-01,P,Enseñanza,285.193
2026-04-01,Q,Salud,353.756
2026-04-01,R,Artes y recreación,54.159
2026-04-01,S,Otros servicios,301.987
2026-04-01,T,Hogares,1.089
2026-04-01,U,Organizaciones extraterritoriales,0.153
2026-04-01,V,Sin clasificar,0.255
2026-04-01,W,Sin clasificar,0.771
2026-04-01,X,Sin clasificar,0.04
2026-05-01,9,Sin clasificar,0.03
2026-05-01,A,Agricultura y pesca,1883.116
2026-05-01,B,Minas y canteras,824.631
2026-05-01,C,Manufactura,3393.736
2026-05-01,D,Electricidad y gas,464.364
2026-05-01,E,Agua y saneamiento,106.9
2026-05-01,F,Construcción,552.179
2026-05-01,G,Comercio,10731.683
2026-05-01,H,Transporte y almacenamiento,1074.137
2026-05-01,I,Alojamiento y comidas,324.763
2026-05-01,J,Información y comunicación,410.374
2026-05-01,K,Actividades financieras,603.114
2026-05-01,L,Actividades inmobiliarias,267.185
2026-05-01,M,Actividades profesionales,797.756
2026-05-01,N,Servicios administrativos,417.178
2026-05-01,O,Administración pública,145.554
2026-05-01,P,Enseñanza,223.749
2026-05-01,Q,Salud,402.141
2026-05-01,R,Artes y recreación,57.033
2026-05-01,S,Otros servicios,274.551
2026-05-01,T,Hogares,0.974
2026-05-01,U,Organizaciones extraterritoriales,0.135
2026-05-01,V,Sin clasificar,0.194
2026-05-01,W,Sin clasificar,0.725
2026-05-01,X,Sin clasificar,0.036
2026-06-01,9,Sin clasificar,0.085
2026-06-01,A,Agricultura y pesca,3274.248
2026-06-01,B,Minas y canteras,1050.373
2026-06-01,C,Manufactura,3648.147
2026-06-01,D,Electricidad y gas,462.324
2026-06-01,E,Agua y saneamiento,109.713
2026-06-01,F,Construcción,592.083
2026-06-01,G,Comercio,12182.897
2026-06-01,H,Transporte y almacenamiento,2186.973
2026-06-01,I,Alojamiento y comidas,430.525
2026-06-01,J,Información y comunicación,406.867
2026-06-01,K,Actividades financieras,692.377
2026-06-01,L,Actividades inmobiliarias,346.685
2026-06-01,M,Actividades profesionales,1044.771
2026-06-01,N,Servicios administrativos,472.283
2026-06-01,O,Administración pública,95.587
2026-06-01,P,Enseñanza,306.535
2026-06-01,Q,Salud,978.611
2026-06-01,R,Artes y recreación,69.999
2026-06-01,S,Otros servicios,416.979
2026-06-01,T,Hogares,1.291
2026-06-01,U,Organizaciones extraterritoriales,0.201
2026-06-01,V,Sin clasificar,0.684
2026-06-01,W,Sin clasificar,1.556
2026-06-01,X,Sin clasificar,0.093
2026-07-01,9,Sin clasificar,0.061
2026-07-01,A,Agricultura y pesca,1953.037
2026-07-01,B,Minas y canteras,946.26
2026-07-01,C,Manufactura,3431.388
2026-07-01,D,Electricidad y gas,448.642
2026-07-01,E,Agua y saneamiento,111.578
2026-07-01,F,Construcción,642.185
2026-07-01,G,Comercio,10531.3
2026-07-01,H,Transporte y almacenamiento,1024.055
2026-07-01,I,Alojamiento y comidas,303.746
2026-07-01,J,Información y comunicación,408.223
2026-07-01,K,Actividades financieras,611.18
2026-07-01,L,Actividades inmobiliarias,279.071
2026-07-01,M,Actividades profesionales,837.466
2026-07-01,N,Servicios administrativos,446.854
2026-07-01,O,Administración pública,134.091
2026-07-01,P,Enseñanza,175.638
2026-07-01,Q,Salud,404.021
2026-07-01,R,Artes y recreación,49.256
2026-07-01,S,Otros servicios,277.782
2026-07-01,T,Hogares,1.012
2026-07-01,U,Organizaciones extraterritoriales,0.256
2026-07-01,V,Sin clasificar,0.244
2026-07-01,W,Sin clasificar,0.723
2026-07-01,X,Sin clasificar,0.048
